country,date,confirmed,deaths,recovered,sick,new,new_deaths,new_deaths_3
Brazil,2020/01/22,0.0,0.0,0.0,0.0,0.0,0.0,0.0
Brazil,2020/01/23,0.0,0.0,0.0,0.0,0.0,0.0,0.0
Brazil,2020/01/24,0.0,0.0,0.0,0.0,0.0,0.0,0.0
Brazil,2020/01/25,0.0,0.0,0.0,0.0,0.0,0.0,0.0
Brazil,2020/01/26,0.0,0.0,0.0,0.0,0.0,0.0,0.0
Brazil,2020/01/27,0.0,0.0,0.0,0.0,0.0,0.0,0.0
Brazil,2020/01/28,0.0,0.0,0.0,0.0,0.0,0.0,0.0
Brazil,2020/01/29,0.0,0.0,0.0,0.0,0.0,0.0,0.0
Brazil,2020/01/30,0.0,0.0,0.0,0.0,0.0,0.0,0.0
Brazil,2020/01/31,0.0,0.0,0.0,0.0,0.0,0.0,0.0
Brazil,2020/02/01,0.0,0.0,0.0,0.0,0.0,0.0,0.0
Brazil,2020/02/02,0.0,0.0,0.0,0.0,0.0,0.0,0.0
Brazil,2020/02/03,0.0,0.0,0.0,0.0,0.0,0.0,0.0
Brazil,2020/02/04,0.0,0.0,0.0,0.0,0.0,0.0,0.0
Brazil,2020/02/05,0.0,0.0,0.0,0.0,0.0,0.0,0.0
Brazil,2020/02/06,0.0,0.0,0.0,0.0,0.0,0.0,0.0
Brazil,2020/02/07,0.0,0.0,0.0,0.0,0.0,0.0,0.0
Brazil,2020/02/08,0.0,0.0,0.0,0.0,0.0,0.0,0.0
Brazil,2020/02/09,0.0,0.0,0.0,0.0,0.0,0.0,0.0
Brazil,2020/02/10,0.0,0.0,0.0,0.0,0.0,0.0,0.0
Brazil,2020/02/11,0.0,0.0,0.0,0.0,0.0,0.0,0.0
Brazil,2020/02/12,0.0,0.0,0.0,0.0,0.0,0.0,0.0
Brazil,2020/02/13,0.0,0.0,0.0,0.0,0.0,0.0,0.0
Brazil,2020/02/14,0.0,0.0,0.0,0.0,0.0,0.0,0.0
Brazil,2020/02/15,0.0,0.0,0.0,0.0,0.0,0.0,0.0
Brazil,2020/02/16,0.0,0.0,0.0,0.0,0.0,0.0,0.0
Brazil,2020/02/17,0.0,0.0,0.0,0.0,0.0,0.0,0.0
Brazil,2020/02/18,0.0,0.0,0.0,0.0,0.0,0.0,0.0
Brazil,2020/02/19,0.0,0.0,0.0,0.0,0.0,0.0,0.0
Brazil,2020/02/20,0.0,0.0,0.0,0.0,0.0,0.0,0.0
Brazil,2020/02/21,0.0,0.0,0.0,0.0,0.0,0.0,0.0
Brazil,2020/02/22,0.0,0.0,0.0,0.0,0.0,0.0,0.0
Brazil,2020/02/23,0.0,0.0,0.0,0.0,0.0,0.0,0.0
Brazil,2020/02/24,0.0,0.0,0.0,0.0,0.0,0.0,0.0
Brazil,2020/02/25,0.0,0.0,0.0,0.0,0.0,0.0,0.0
Brazil,2020/02/26,1.0,0.0,0.0,1.0,1.0,0.0,0.0
Brazil,2020/02/27,1.0,0.0,0.0,1.0,0.0,0.0,0.0
Brazil,2020/02/28,1.0,0.0,0.0,1.0,0.0,0.0,0.0
Brazil,2020/02/29,2.0,0.0,0.0,2.0,1.0,0.0,0.0
Brazil,2020/03/01,2.0,0.0,0.0,2.0,0.0,0.0,0.0
Brazil,2020/03/02,2.0,0.0,0.0,2.0,0.0,0.0,0.0
Brazil,2020/03/03,2.0,0.0,0.0,2.0,0.0,0.0,0.0
Brazil,2020/03/04,4.0,0.0,0.0,4.0,2.0,0.0,0.0
Brazil,2020/03/05,4.0,0.0,0.0,4.0,0.0,0.0,0.0
Brazil,2020/03/06,13.0,0.0,0.0,13.0,9.0,0.0,0.0
Brazil,2020/03/07,13.0,0.0,0.0,13.0,0.0,0.0,0.0
Brazil,2020/03/08,20.0,0.0,0.0,20.0,7.0,0.0,0.0
Brazil,2020/03/09,25.0,0.0,0.0,25.0,5.0,0.0,0.0
Brazil,2020/03/10,31.0,0.0,0.0,31.0,6.0,0.0,0.0
Brazil,2020/03/11,38.0,0.0,0.0,38.0,7.0,0.0,0.0
Brazil,2020/03/12,52.0,0.0,0.0,52.0,14.0,0.0,0.0
Brazil,2020/03/13,151.0,0.0,0.0,151.0,99.0,0.0,0.0
Brazil,2020/03/14,151.0,0.0,0.0,151.0,0.0,0.0,0.0
Brazil,2020/03/15,162.0,0.0,0.0,162.0,11.0,0.0,0.0
Brazil,2020/03/16,200.0,0.0,1.0,199.0,38.0,0.0,0.0
Brazil,2020/03/17,321.0,1.0,2.0,318.0,121.0,1.0,0.0
Brazil,2020/03/18,372.0,3.0,2.0,367.0,51.0,2.0,1.0
Brazil,2020/03/19,621.0,6.0,2.0,613.0,249.0,3.0,2.0
Brazil,2020/03/20,793.0,11.0,2.0,780.0,172.0,5.0,3.0
Brazil,2020/03/21,1021.0,15.0,2.0,1004.0,228.0,4.0,4.0
Brazil,2020/03/22,1546.0,25.0,2.0,1519.0,525.0,10.0,6.0
Brazil,2020/03/23,1924.0,34.0,2.0,1888.0,378.0,9.0,8.0
Brazil,2020/03/24,2247.0,46.0,2.0,2199.0,323.0,12.0,10.0
Brazil,2020/03/25,2554.0,59.0,2.0,2493.0,307.0,13.0,11.0
Brazil,2020/03/26,2985.0,77.0,6.0,2902.0,431.0,18.0,14.0
Brazil,2020/03/27,3417.0,92.0,6.0,3319.0,432.0,15.0,15.0
Brazil,2020/03/28,3904.0,111.0,6.0,3787.0,487.0,19.0,17.0
Brazil,2020/03/29,4256.0,136.0,6.0,4114.0,352.0,25.0,20.0
Brazil,2020/03/30,4579.0,159.0,120.0,4300.0,323.0,23.0,22.0
Brazil,2020/03/31,5717.0,201.0,127.0,5389.0,1138.0,42.0,30.0
Brazil,2020/04/01,6836.0,240.0,127.0,6469.0,1119.0,39.0,35.0
Brazil,2020/04/02,8044.0,324.0,127.0,7593.0,1208.0,84.0,55.0
Brazil,2020/04/03,9056.0,359.0,127.0,8570.0,1012.0,35.0,53.0
Brazil,2020/04/04,10360.0,445.0,127.0,9788.0,1304.0,86.0,68.0
Brazil,2020/04/05,11130.0,486.0,127.0,10517.0,770.0,41.0,54.0
Brazil,2020/04/06,12161.0,564.0,127.0,11470.0,1031.0,78.0,68.0
Brazil,2020/04/07,14034.0,686.0,127.0,13221.0,1873.0,122.0,80.0
Brazil,2020/04/08,16170.0,819.0,127.0,15224.0,2136.0,133.0,111.0
Brazil,2020/04/09,18092.0,950.0,173.0,16969.0,1922.0,131.0,129.0
Brazil,2020/04/10,19638.0,1057.0,173.0,18408.0,1546.0,107.0,124.0
Brazil,2020/04/11,20727.0,1124.0,173.0,19430.0,1089.0,67.0,102.0
Brazil,2020/04/12,22192.0,1223.0,173.0,20796.0,1465.0,99.0,91.0
Brazil,2020/04/13,23430.0,1328.0,173.0,21929.0,1238.0,105.0,90.0
Brazil,2020/04/14,25262.0,1532.0,3046.0,20684.0,1832.0,204.0,136.0
Brazil,2020/04/15,28320.0,1736.0,14026.0,12558.0,3058.0,204.0,171.0
Brazil,2020/04/16,30425.0,1924.0,14026.0,14475.0,2105.0,188.0,199.0
Brazil,2020/04/17,33682.0,2141.0,14026.0,17515.0,3257.0,217.0,203.0
Brazil,2020/04/18,36658.0,2354.0,14026.0,20278.0,2976.0,213.0,206.0
Brazil,2020/04/19,38654.0,2462.0,22130.0,14062.0,1996.0,108.0,179.0
Brazil,2020/04/20,40743.0,2587.0,22130.0,16026.0,2089.0,125.0,149.0
Brazil,2020/04/21,43079.0,2741.0,22991.0,17347.0,2336.0,154.0,129.0
Brazil,2020/04/22,45757.0,2906.0,25318.0,17533.0,2678.0,165.0,148.0
Brazil,2020/04/23,50036.0,3331.0,26573.0,20132.0,4279.0,425.0,248.0
Brazil,2020/04/24,54043.0,3704.0,27655.0,22684.0,4007.0,373.0,321.0
Brazil,2020/04/25,59324.0,4057.0,29160.0,26107.0,5281.0,353.0,384.0
Brazil,2020/04/26,63100.0,4286.0,30152.0,28662.0,3776.0,229.0,318.0
Brazil,2020/04/27,67446.0,4603.0,31142.0,31701.0,4346.0,317.0,300.0
Brazil,2020/04/28,73235.0,5083.0,32544.0,35608.0,5789.0,480.0,342.0
Brazil,2020/04/29,79685.0,5513.0,34132.0,40040.0,6450.0,430.0,409.0
Brazil,2020/04/30,87187.0,6006.0,35935.0,45246.0,7502.0,493.0,468.0
Brazil,2020/05/01,92202.0,6412.0,38039.0,47751.0,5015.0,406.0,443.0
Brazil,2020/05/02,97100.0,6761.0,40937.0,49402.0,4898.0,349.0,416.0
Brazil,2020/05/03,101826.0,7051.0,42991.0,51784.0,4726.0,290.0,348.0
Brazil,2020/05/04,108620.0,7367.0,45815.0,55438.0,6794.0,316.0,318.0
Brazil,2020/05/05,115455.0,7938.0,48221.0,59296.0,6835.0,571.0,392.0
Brazil,2020/05/06,126611.0,8588.0,51370.0,66653.0,11156.0,650.0,512.0
Brazil,2020/05/07,135773.0,9190.0,55350.0,71233.0,9162.0,602.0,608.0
Brazil,2020/05/08,146894.0,10017.0,59297.0,77580.0,11121.0,827.0,693.0
Brazil,2020/05/09,156061.0,10656.0,61685.0,83720.0,9167.0,639.0,689.0
Brazil,2020/05/10,162699.0,11123.0,64957.0,86619.0,6638.0,467.0,644.0
Brazil,2020/05/11,169594.0,11653.0,67384.0,90557.0,6895.0,530.0,545.0
Brazil,2020/05/12,178214.0,12461.0,72597.0,93156.0,8620.0,808.0,602.0
Brazil,2020/05/13,190137.0,13240.0,78424.0,98473.0,11923.0,779.0,706.0
Brazil,2020/05/14,203165.0,13999.0,79479.0,109687.0,13028.0,759.0,782.0
Brazil,2020/05/15,220291.0,14962.0,84970.0,120359.0,17126.0,963.0,834.0
Brazil,2020/05/16,233511.0,15662.0,89672.0,128177.0,13220.0,700.0,807.0
Brazil,2020/05/17,241080.0,16118.0,94122.0,130840.0,7569.0,456.0,706.0
Brazil,2020/05/18,255368.0,16853.0,100459.0,138056.0,14288.0,735.0,630.0
Brazil,2020/05/19,271885.0,17983.0,106794.0,147108.0,16517.0,1130.0,774.0
Brazil,2020/05/20,291579.0,18859.0,116683.0,156037.0,19694.0,876.0,914.0
Brazil,2020/05/21,310087.0,20047.0,125960.0,164080.0,18508.0,1188.0,1065.0
Brazil,2020/05/22,330890.0,21048.0,135430.0,174412.0,20803.0,1001.0,1022.0
Brazil,2020/05/23,347398.0,22013.0,142587.0,182798.0,16508.0,965.0,1051.0
Brazil,2020/05/24,363211.0,22666.0,149911.0,190634.0,15813.0,653.0,873.0
Brazil,2020/05/25,374898.0,23473.0,153833.0,197592.0,11687.0,807.0,808.0
Brazil,2020/05/26,391222.0,24512.0,158593.0,208117.0,16324.0,1039.0,833.0
Brazil,2020/05/27,411821.0,25598.0,166647.0,219576.0,20599.0,1086.0,977.0
Brazil,2020/05/28,438238.0,26754.0,177604.0,233880.0,26417.0,1156.0,1094.0
Brazil,2020/05/29,465166.0,27878.0,189476.0,247812.0,26928.0,1124.0,1122.0
Brazil,2020/05/30,498440.0,28834.0,200892.0,268714.0,33274.0,956.0,1079.0
Brazil,2020/05/31,514849.0,29314.0,206555.0,278980.0,16409.0,480.0,853.0
Brazil,2020/06/01,526447.0,29937.0,211080.0,285430.0,11598.0,623.0,686.0
Brazil,2020/06/02,555383.0,31199.0,223638.0,300546.0,28936.0,1262.0,788.0
Brazil,2020/06/03,584016.0,32548.0,238617.0,312851.0,28633.0,1349.0,1078.0
Brazil,2020/06/04,614941.0,34021.0,254963.0,325957.0,30925.0,1473.0,1361.0
France,2020/01/22,0.0,0.0,0.0,0.0,0.0,0.0,0.0
France,2020/01/23,0.0,0.0,0.0,0.0,0.0,0.0,0.0
France,2020/01/24,2.0,0.0,0.0,0.0,0.0,0.0,0.0
France,2020/01/25,3.0,0.0,0.0,0.0,1.0,0.0,0.0
France,2020/01/26,3.0,0.0,0.0,0.0,0.0,0.0,0.0
France,2020/01/27,3.0,0.0,0.0,0.0,0.0,0.0,0.0
France,2020/01/28,4.0,0.0,0.0,0.0,1.0,0.0,0.0
France,2020/01/29,5.0,0.0,0.0,0.0,1.0,0.0,0.0
France,2020/01/30,5.0,0.0,0.0,0.0,0.0,0.0,0.0
France,2020/01/31,5.0,0.0,0.0,0.0,0.0,0.0,0.0
France,2020/02/01,6.0,0.0,0.0,6.0,1.0,0.0,0.0
France,2020/02/02,6.0,0.0,0.0,6.0,0.0,0.0,0.0
France,2020/02/03,6.0,0.0,0.0,6.0,0.0,0.0,0.0
France,2020/02/04,6.0,0.0,0.0,6.0,0.0,0.0,0.0
France,2020/02/05,6.0,0.0,0.0,6.0,0.0,0.0,0.0
France,2020/02/06,6.0,0.0,0.0,6.0,0.0,0.0,0.0
France,2020/02/07,6.0,0.0,0.0,6.0,0.0,0.0,0.0
France,2020/02/08,11.0,0.0,0.0,11.0,5.0,0.0,0.0
France,2020/02/09,11.0,0.0,0.0,11.0,0.0,0.0,0.0
France,2020/02/10,11.0,0.0,0.0,11.0,0.0,0.0,0.0
France,2020/02/11,11.0,0.0,0.0,11.0,0.0,0.0,0.0
France,2020/02/12,11.0,0.0,2.0,9.0,0.0,0.0,0.0
France,2020/02/13,11.0,0.0,2.0,9.0,0.0,0.0,0.0
France,2020/02/14,11.0,0.0,2.0,9.0,0.0,0.0,0.0
France,2020/02/15,12.0,1.0,4.0,7.0,1.0,1.0,0.0
France,2020/02/16,12.0,1.0,4.0,7.0,0.0,0.0,0.0
France,2020/02/17,12.0,1.0,4.0,7.0,0.0,0.0,0.0
France,2020/02/18,12.0,1.0,4.0,7.0,0.0,0.0,0.0
France,2020/02/19,12.0,1.0,4.0,7.0,0.0,0.0,0.0
France,2020/02/20,12.0,1.0,4.0,7.0,0.0,0.0,0.0
France,2020/02/21,12.0,1.0,4.0,7.0,0.0,0.0,0.0
France,2020/02/22,12.0,1.0,4.0,7.0,0.0,0.0,0.0
France,2020/02/23,12.0,1.0,4.0,7.0,0.0,0.0,0.0
France,2020/02/24,12.0,1.0,4.0,7.0,0.0,0.0,0.0
France,2020/02/25,14.0,1.0,11.0,2.0,2.0,0.0,0.0
France,2020/02/26,18.0,2.0,11.0,5.0,4.0,1.0,0.0
France,2020/02/27,38.0,2.0,11.0,25.0,20.0,0.0,0.0
France,2020/02/28,57.0,2.0,11.0,44.0,19.0,0.0,0.0
France,2020/02/29,100.0,2.0,12.0,86.0,43.0,0.0,0.0
France,2020/03/01,130.0,2.0,12.0,116.0,30.0,0.0,0.0
France,2020/03/02,191.0,3.0,12.0,176.0,61.0,1.0,0.0
France,2020/03/03,204.0,4.0,12.0,188.0,13.0,1.0,1.0
France,2020/03/04,285.0,4.0,12.0,269.0,81.0,0.0,1.0
France,2020/03/05,377.0,6.0,12.0,359.0,92.0,2.0,1.0
France,2020/03/06,653.0,9.0,12.0,632.0,276.0,3.0,2.0
France,2020/03/07,949.0,11.0,12.0,926.0,296.0,2.0,2.0
France,2020/03/08,1126.0,19.0,12.0,1095.0,177.0,8.0,4.0
France,2020/03/09,1209.0,19.0,12.0,1178.0,83.0,0.0,3.0
France,2020/03/10,1784.0,33.0,12.0,1739.0,575.0,14.0,7.0
France,2020/03/11,2284.0,48.0,12.0,2224.0,500.0,15.0,10.0
France,2020/03/12,2284.0,48.0,12.0,2224.0,0.0,0.0,10.0
France,2020/03/13,3667.0,79.0,12.0,3576.0,1383.0,31.0,15.0
France,2020/03/14,4480.0,91.0,12.0,4377.0,813.0,12.0,14.0
France,2020/03/15,4513.0,91.0,12.0,4410.0,33.0,0.0,14.0
France,2020/03/16,6650.0,148.0,12.0,6490.0,2137.0,57.0,23.0
France,2020/03/17,7683.0,148.0,12.0,7523.0,1033.0,0.0,19.0
France,2020/03/18,9052.0,148.0,12.0,8892.0,1369.0,0.0,19.0
France,2020/03/19,10886.0,243.0,12.0,10631.0,1834.0,95.0,32.0
France,2020/03/20,12632.0,450.0,12.0,12170.0,1746.0,207.0,101.0
France,2020/03/21,14308.0,562.0,12.0,13734.0,1676.0,112.0,138.0
France,2020/03/22,16214.0,676.0,2201.0,13337.0,1906.0,114.0,144.0
France,2020/03/23,20123.0,862.0,2207.0,17054.0,3909.0,186.0,137.0
France,2020/03/24,22622.0,1102.0,3288.0,18232.0,2499.0,240.0,180.0
France,2020/03/25,25600.0,1333.0,3907.0,20360.0,2978.0,231.0,219.0
France,2020/03/26,29551.0,1698.0,4955.0,22898.0,3951.0,365.0,279.0
France,2020/03/27,33402.0,1997.0,5707.0,25698.0,3851.0,299.0,298.0
France,2020/03/28,38105.0,2317.0,5724.0,30064.0,4703.0,320.0,328.0
France,2020/03/29,40708.0,2611.0,7226.0,30871.0,2603.0,294.0,304.0
France,2020/03/30,45170.0,3030.0,7964.0,34176.0,4462.0,419.0,344.0
France,2020/03/31,52827.0,3532.0,9513.0,39782.0,7657.0,502.0,405.0
France,2020/04/01,57749.0,4043.0,11053.0,42653.0,4922.0,511.0,477.0
France,2020/04/02,59929.0,5398.0,12548.0,41983.0,2180.0,1355.0,789.0
France,2020/04/03,65202.0,6520.0,14135.0,44547.0,5273.0,1122.0,996.0
France,2020/04/04,90848.0,7574.0,15572.0,67702.0,25646.0,1054.0,1177.0
France,2020/04/05,93773.0,8093.0,16349.0,69331.0,2925.0,519.0,898.0
France,2020/04/06,98963.0,8926.0,17428.0,72609.0,5190.0,833.0,802.0
France,2020/04/07,110065.0,10343.0,19523.0,80199.0,11102.0,1417.0,923.0
France,2020/04/08,113959.0,10887.0,21452.0,81620.0,3894.0,544.0,931.0
France,2020/04/09,118781.0,12228.0,23413.0,83140.0,4822.0,1341.0,1101.0
France,2020/04/10,125931.0,13215.0,25195.0,87521.0,7150.0,987.0,957.0
France,2020/04/11,130727.0,13851.0,26663.0,90213.0,4796.0,636.0,988.0
France,2020/04/12,133670.0,14412.0,27469.0,91789.0,2943.0,561.0,728.0
France,2020/04/13,137875.0,14986.0,28001.0,94888.0,4205.0,574.0,590.0
France,2020/04/14,131361.0,15748.0,29098.0,86515.0,-6514.0,762.0,632.0
France,2020/04/15,134582.0,17188.0,31470.0,85924.0,3221.0,1440.0,925.0
France,2020/04/16,147091.0,17941.0,33327.0,95823.0,12509.0,753.0,985.0
France,2020/04/17,149130.0,18703.0,35006.0,95421.0,2039.0,762.0,985.0
France,2020/04/18,149149.0,19345.0,36587.0,93217.0,19.0,642.0,719.0
France,2020/04/19,154097.0,19744.0,37183.0,97170.0,4948.0,399.0,601.0
France,2020/04/20,156480.0,20292.0,38036.0,98152.0,2383.0,548.0,530.0
France,2020/04/21,159297.0,20829.0,39819.0,98649.0,2817.0,537.0,495.0
France,2020/04/22,157125.0,21373.0,41326.0,94426.0,-2172.0,544.0,543.0
France,2020/04/23,159460.0,21889.0,42762.0,94809.0,2335.0,516.0,532.0
France,2020/04/24,159952.0,22279.0,44271.0,93402.0,492.0,390.0,483.0
France,2020/04/25,161644.0,22648.0,45372.0,93624.0,1692.0,369.0,425.0
France,2020/04/26,162220.0,22890.0,45681.0,93649.0,576.0,242.0,334.0
France,2020/04/27,165963.0,23327.0,46293.0,96343.0,3743.0,437.0,349.0
France,2020/04/28,169053.0,23694.0,47775.0,97584.0,3090.0,367.0,349.0
France,2020/04/29,166543.0,24121.0,49118.0,93304.0,-2510.0,427.0,410.0
France,2020/04/30,167299.0,24410.0,50380.0,92509.0,756.0,289.0,361.0
France,2020/05/01,167305.0,24628.0,51124.0,91553.0,6.0,218.0,311.0
France,2020/05/02,168518.0,24763.0,50663.0,93092.0,1213.0,135.0,214.0
France,2020/05/03,168925.0,24900.0,50885.0,93140.0,407.0,137.0,163.0
France,2020/05/04,169583.0,25204.0,51476.0,92903.0,658.0,304.0,192.0
France,2020/05/05,170687.0,25537.0,52842.0,92308.0,1104.0,333.0,258.0
France,2020/05/06,174224.0,25812.0,54079.0,94333.0,3537.0,275.0,304.0
France,2020/05/07,174918.0,25990.0,55191.0,93737.0,694.0,178.0,262.0
France,2020/05/08,176202.0,26233.0,55892.0,94077.0,1284.0,243.0,232.0
France,2020/05/09,176782.0,26313.0,56148.0,94321.0,580.0,80.0,167.0
France,2020/05/10,177094.0,26383.0,56327.0,94384.0,312.0,70.0,131.0
France,2020/05/11,177547.0,26646.0,56835.0,94066.0,453.0,263.0,138.0
France,2020/05/12,178349.0,26994.0,57898.0,93457.0,802.0,348.0,227.0
France,2020/05/13,178184.0,27077.0,58786.0,92321.0,-165.0,83.0,231.0
France,2020/05/14,178994.0,27428.0,59719.0,91847.0,810.0,351.0,261.0
France,2020/05/15,179630.0,27532.0,60562.0,91536.0,636.0,104.0,179.0
France,2020/05/16,179630.0,27532.0,60562.0,91536.0,0.0,0.0,152.0
France,2020/05/17,179693.0,28111.0,61327.0,90255.0,63.0,579.0,228.0
France,2020/05/18,180051.0,28242.0,61843.0,89966.0,358.0,131.0,237.0
France,2020/05/19,180933.0,28025.0,62678.0,90230.0,882.0,0.0,164.0
France,2020/05/20,181700.0,28135.0,63472.0,90093.0,767.0,110.0,8.0
France,2020/05/21,181951.0,28218.0,63976.0,89757.0,251.0,83.0,-8.0
France,2020/05/22,182015.0,28218.0,63986.0,89811.0,64.0,0.0,64.0
France,2020/05/23,182036.0,28218.0,63988.0,89830.0,21.0,0.0,28.0
France,2020/05/24,182709.0,28370.0,64735.0,89604.0,673.0,152.0,51.0
France,2020/05/25,183067.0,28460.0,65317.0,89290.0,358.0,90.0,81.0
France,2020/05/26,182847.0,28533.0,65997.0,88317.0,-220.0,73.0,105.0
France,2020/05/27,183038.0,28599.0,66702.0,87737.0,191.0,66.0,76.0
France,2020/05/28,186364.0,28665.0,67309.0,90390.0,3326.0,66.0,68.0
France,2020/05/29,186923.0,28717.0,67921.0,90285.0,559.0,52.0,61.0
France,2020/05/30,188752.0,28774.0,68386.0,91592.0,1829.0,57.0,58.0
France,2020/05/31,189009.0,28805.0,68473.0,91731.0,257.0,31.0,47.0
France,2020/06/01,189348.0,28836.0,68558.0,91954.0,339.0,31.0,40.0
France,2020/06/02,188450.0,28943.0,68930.0,90577.0,-898.0,107.0,56.0
France,2020/06/03,192330.0,29024.0,69573.0,93733.0,3880.0,81.0,73.0
France,2020/06/04,189569.0,29068.0,70094.0,90407.0,-2761.0,44.0,77.0
Germany,2020/01/22,0.0,0.0,0.0,0.0,0.0,0.0,0.0
Germany,2020/01/23,0.0,0.0,0.0,0.0,0.0,0.0,0.0
Germany,2020/01/24,0.0,0.0,0.0,0.0,0.0,0.0,0.0
Germany,2020/01/25,0.0,0.0,0.0,0.0,0.0,0.0,0.0
Germany,2020/01/26,0.0,0.0,0.0,0.0,0.0,0.0,0.0
Germany,2020/01/27,0.0,0.0,0.0,0.0,0.0,0.0,0.0
Germany,2020/01/28,4.0,0.0,0.0,0.0,0.0,0.0,0.0
Germany,2020/01/29,4.0,0.0,0.0,0.0,0.0,0.0,0.0
Germany,2020/01/30,4.0,0.0,0.0,0.0,0.0,0.0,0.0
Germany,2020/01/31,5.0,0.0,0.0,0.0,1.0,0.0,0.0
Germany,2020/02/01,8.0,0.0,0.0,8.0,3.0,0.0,0.0
Germany,2020/02/02,10.0,0.0,0.0,10.0,2.0,0.0,0.0
Germany,2020/02/03,12.0,0.0,0.0,12.0,2.0,0.0,0.0
Germany,2020/02/04,12.0,0.0,0.0,12.0,0.0,0.0,0.0
Germany,2020/02/05,12.0,0.0,0.0,12.0,0.0,0.0,0.0
Germany,2020/02/06,12.0,0.0,0.0,12.0,0.0,0.0,0.0
Germany,2020/02/07,13.0,0.0,0.0,13.0,1.0,0.0,0.0
Germany,2020/02/08,13.0,0.0,0.0,13.0,0.0,0.0,0.0
Germany,2020/02/09,14.0,0.0,0.0,14.0,1.0,0.0,0.0
Germany,2020/02/10,14.0,0.0,0.0,14.0,0.0,0.0,0.0
Germany,2020/02/11,16.0,0.0,0.0,16.0,2.0,0.0,0.0
Germany,2020/02/12,16.0,0.0,0.0,16.0,0.0,0.0,0.0
Germany,2020/02/13,16.0,0.0,1.0,15.0,0.0,0.0,0.0
Germany,2020/02/14,16.0,0.0,1.0,15.0,0.0,0.0,0.0
Germany,2020/02/15,16.0,0.0,1.0,15.0,0.0,0.0,0.0
Germany,2020/02/16,16.0,0.0,1.0,15.0,0.0,0.0,0.0
Germany,2020/02/17,16.0,0.0,1.0,15.0,0.0,0.0,0.0
Germany,2020/02/18,16.0,0.0,12.0,4.0,0.0,0.0,0.0
Germany,2020/02/19,16.0,0.0,12.0,4.0,0.0,0.0,0.0
Germany,2020/02/20,16.0,0.0,12.0,4.0,0.0,0.0,0.0
Germany,2020/02/21,16.0,0.0,14.0,2.0,0.0,0.0,0.0
Germany,2020/02/22,16.0,0.0,14.0,2.0,0.0,0.0,0.0
Germany,2020/02/23,16.0,0.0,14.0,2.0,0.0,0.0,0.0
Germany,2020/02/24,16.0,0.0,14.0,2.0,0.0,0.0,0.0
Germany,2020/02/25,17.0,0.0,14.0,3.0,1.0,0.0,0.0
Germany,2020/02/26,27.0,0.0,15.0,12.0,10.0,0.0,0.0
Germany,2020/02/27,46.0,0.0,16.0,30.0,19.0,0.0,0.0
Germany,2020/02/28,48.0,0.0,16.0,32.0,2.0,0.0,0.0
Germany,2020/02/29,79.0,0.0,16.0,63.0,31.0,0.0,0.0
Germany,2020/03/01,130.0,0.0,16.0,114.0,51.0,0.0,0.0
Germany,2020/03/02,159.0,0.0,16.0,143.0,29.0,0.0,0.0
Germany,2020/03/03,196.0,0.0,16.0,180.0,37.0,0.0,0.0
Germany,2020/03/04,262.0,0.0,16.0,246.0,66.0,0.0,0.0
Germany,2020/03/05,482.0,0.0,16.0,466.0,220.0,0.0,0.0
Germany,2020/03/06,670.0,0.0,17.0,653.0,188.0,0.0,0.0
Germany,2020/03/07,799.0,0.0,18.0,781.0,129.0,0.0,0.0
Germany,2020/03/08,1040.0,0.0,18.0,1022.0,241.0,0.0,0.0
Germany,2020/03/09,1176.0,2.0,18.0,1156.0,136.0,2.0,1.0
Germany,2020/03/10,1457.0,2.0,18.0,1437.0,281.0,0.0,1.0
Germany,2020/03/11,1908.0,3.0,25.0,1880.0,451.0,1.0,1.0
Germany,2020/03/12,2078.0,3.0,25.0,2050.0,170.0,0.0,0.0
Germany,2020/03/13,3675.0,7.0,46.0,3622.0,1597.0,4.0,2.0
Germany,2020/03/14,4585.0,9.0,46.0,4530.0,910.0,2.0,2.0
Germany,2020/03/15,5795.0,11.0,46.0,5738.0,1210.0,2.0,3.0
Germany,2020/03/16,7272.0,17.0,67.0,7188.0,1477.0,6.0,3.0
Germany,2020/03/17,9257.0,24.0,67.0,9166.0,1985.0,7.0,5.0
Germany,2020/03/18,12327.0,28.0,105.0,12194.0,3070.0,4.0,6.0
Germany,2020/03/19,15320.0,44.0,113.0,15163.0,2993.0,16.0,9.0
Germany,2020/03/20,19848.0,67.0,180.0,19601.0,4528.0,23.0,14.0
Germany,2020/03/21,22213.0,84.0,233.0,21896.0,2365.0,17.0,19.0
Germany,2020/03/22,24873.0,94.0,266.0,24513.0,2660.0,10.0,17.0
Germany,2020/03/23,29056.0,123.0,453.0,28480.0,4183.0,29.0,19.0
Germany,2020/03/24,32986.0,157.0,3243.0,29586.0,3930.0,34.0,24.0
Germany,2020/03/25,37323.0,206.0,3547.0,33570.0,4337.0,49.0,37.0
Germany,2020/03/26,43938.0,267.0,5673.0,37998.0,6615.0,61.0,48.0
Germany,2020/03/27,50871.0,342.0,6658.0,43871.0,6933.0,75.0,62.0
Germany,2020/03/28,57695.0,433.0,8481.0,48781.0,6824.0,91.0,76.0
Germany,2020/03/29,62095.0,533.0,9211.0,52351.0,4400.0,100.0,89.0
Germany,2020/03/30,66885.0,645.0,13500.0,52740.0,4790.0,112.0,101.0
Germany,2020/03/31,71808.0,775.0,16100.0,54933.0,4923.0,130.0,114.0
Germany,2020/04/01,77872.0,920.0,18700.0,58252.0,6064.0,145.0,129.0
Germany,2020/04/02,84794.0,1107.0,22440.0,61247.0,6922.0,187.0,154.0
Germany,2020/04/03,91159.0,1275.0,24575.0,65309.0,6365.0,168.0,167.0
Germany,2020/04/04,96092.0,1444.0,26400.0,68248.0,4933.0,169.0,175.0
Germany,2020/04/05,100123.0,1584.0,28700.0,69839.0,4031.0,140.0,159.0
Germany,2020/04/06,103374.0,1810.0,28700.0,72864.0,3251.0,226.0,178.0
Germany,2020/04/07,107663.0,2016.0,36081.0,69566.0,4289.0,206.0,191.0
Germany,2020/04/08,113296.0,2349.0,46300.0,64647.0,5633.0,333.0,255.0
Germany,2020/04/09,118181.0,2607.0,52407.0,63167.0,4885.0,258.0,266.0
Germany,2020/04/10,122171.0,2767.0,53913.0,65491.0,3990.0,160.0,250.0
Germany,2020/04/11,124908.0,2736.0,57400.0,64772.0,2737.0,0.0,129.0
Germany,2020/04/12,127854.0,3022.0,60300.0,64532.0,2946.0,286.0,138.0
Germany,2020/04/13,130072.0,3194.0,64300.0,62578.0,2218.0,172.0,142.0
Germany,2020/04/14,131359.0,3294.0,68200.0,59865.0,1287.0,100.0,186.0
Germany,2020/04/15,134753.0,3804.0,72600.0,58349.0,3394.0,510.0,261.0
Germany,2020/04/16,137698.0,4052.0,77000.0,56646.0,2945.0,248.0,286.0
Germany,2020/04/17,141397.0,4352.0,83114.0,53931.0,3699.0,300.0,353.0
Germany,2020/04/18,143342.0,4459.0,85400.0,53483.0,1945.0,107.0,218.0
Germany,2020/04/19,145184.0,4586.0,88000.0,52598.0,1842.0,127.0,178.0
Germany,2020/04/20,147065.0,4862.0,91500.0,50703.0,1881.0,276.0,170.0
Germany,2020/04/21,148291.0,5033.0,95200.0,48058.0,1226.0,171.0,191.0
Germany,2020/04/22,150648.0,5279.0,99400.0,45969.0,2357.0,246.0,231.0
Germany,2020/04/23,153129.0,5575.0,103300.0,44254.0,2481.0,296.0,238.0
Germany,2020/04/24,154999.0,5760.0,109800.0,39439.0,1870.0,185.0,242.0
Germany,2020/04/25,156513.0,5877.0,109800.0,40836.0,1514.0,117.0,199.0
Germany,2020/04/26,157770.0,5976.0,112000.0,39794.0,1257.0,99.0,134.0
Germany,2020/04/27,158758.0,6126.0,114500.0,38132.0,988.0,150.0,122.0
Germany,2020/04/28,159912.0,6314.0,117400.0,36198.0,1154.0,188.0,146.0
Germany,2020/04/29,161539.0,6467.0,120400.0,34672.0,1627.0,153.0,164.0
Germany,2020/04/30,163009.0,6623.0,123500.0,32886.0,1470.0,156.0,166.0
Germany,2020/05/01,164077.0,6736.0,126900.0,30441.0,1068.0,113.0,141.0
Germany,2020/05/02,164967.0,6812.0,129000.0,29155.0,890.0,76.0,115.0
Germany,2020/05/03,165664.0,6866.0,130600.0,28198.0,697.0,54.0,81.0
Germany,2020/05/04,166152.0,6993.0,132700.0,26459.0,488.0,127.0,86.0
Germany,2020/05/05,167007.0,6993.0,135100.0,24914.0,855.0,0.0,60.0
Germany,2020/05/06,168162.0,7275.0,139900.0,20987.0,1155.0,282.0,136.0
Germany,2020/05/07,169430.0,7392.0,141700.0,20338.0,1268.0,117.0,133.0
Germany,2020/05/08,170588.0,7510.0,141700.0,21378.0,1158.0,118.0,172.0
Germany,2020/05/09,171324.0,7549.0,143300.0,20475.0,736.0,39.0,91.0
Germany,2020/05/10,171879.0,7569.0,144400.0,19910.0,555.0,20.0,59.0
Germany,2020/05/11,172576.0,7661.0,145617.0,19298.0,697.0,92.0,50.0
Germany,2020/05/12,173171.0,7738.0,147200.0,18233.0,595.0,77.0,63.0
Germany,2020/05/13,174098.0,7861.0,148700.0,17537.0,927.0,123.0,97.0
Germany,2020/05/14,174478.0,7884.0,150300.0,16294.0,380.0,23.0,74.0
Germany,2020/05/15,175233.0,7897.0,151597.0,15739.0,755.0,13.0,53.0
Germany,2020/05/16,175752.0,7938.0,152600.0,15214.0,519.0,41.0,26.0
Germany,2020/05/17,176369.0,7962.0,154011.0,14396.0,617.0,24.0,26.0
Germany,2020/05/18,176551.0,8003.0,155041.0,13507.0,182.0,41.0,35.0
Germany,2020/05/19,177778.0,8081.0,155681.0,14016.0,1227.0,78.0,48.0
Germany,2020/05/20,178473.0,8144.0,156966.0,13363.0,695.0,63.0,61.0
Germany,2020/05/21,179021.0,8203.0,158087.0,12731.0,548.0,59.0,67.0
Germany,2020/05/22,179710.0,8228.0,159064.0,12418.0,689.0,25.0,49.0
Germany,2020/05/23,179986.0,8261.0,159716.0,12009.0,276.0,33.0,39.0
Germany,2020/05/24,180328.0,8283.0,160281.0,11764.0,342.0,22.0,27.0
Germany,2020/05/25,180600.0,8309.0,161199.0,11092.0,272.0,26.0,27.0
Germany,2020/05/26,181200.0,8372.0,161967.0,10861.0,600.0,63.0,37.0
Germany,2020/05/27,181524.0,8428.0,162820.0,10276.0,324.0,56.0,48.0
Germany,2020/05/28,182196.0,8470.0,163360.0,10366.0,672.0,42.0,54.0
Germany,2020/05/29,182922.0,8504.0,164245.0,10173.0,726.0,34.0,44.0
Germany,2020/05/30,183189.0,8530.0,164908.0,9751.0,267.0,26.0,34.0
Germany,2020/05/31,183410.0,8540.0,165352.0,9518.0,221.0,10.0,23.0
Germany,2020/06/01,183594.0,8555.0,165632.0,9407.0,184.0,15.0,17.0
Germany,2020/06/02,183879.0,8563.0,166609.0,8707.0,285.0,8.0,11.0
Germany,2020/06/03,184121.0,8602.0,167453.0,8066.0,242.0,39.0,21.0
Germany,2020/06/04,184472.0,8635.0,167909.0,7928.0,351.0,33.0,27.0
India,2020/01/22,0.0,0.0,0.0,0.0,0.0,0.0,0.0
India,2020/01/23,0.0,0.0,0.0,0.0,0.0,0.0,0.0
India,2020/01/24,0.0,0.0,0.0,0.0,0.0,0.0,0.0
India,2020/01/25,0.0,0.0,0.0,0.0,0.0,0.0,0.0
India,2020/01/26,0.0,0.0,0.0,0.0,0.0,0.0,0.0
India,2020/01/27,0.0,0.0,0.0,0.0,0.0,0.0,0.0
India,2020/01/28,0.0,0.0,0.0,0.0,0.0,0.0,0.0
India,2020/01/29,0.0,0.0,0.0,0.0,0.0,0.0,0.0
India,2020/01/30,1.0,0.0,0.0,0.0,0.0,0.0,0.0
India,2020/01/31,1.0,0.0,0.0,0.0,0.0,0.0,0.0
India,2020/02/01,1.0,0.0,0.0,1.0,0.0,0.0,0.0
India,2020/02/02,2.0,0.0,0.0,2.0,1.0,0.0,0.0
India,2020/02/03,3.0,0.0,0.0,3.0,1.0,0.0,0.0
India,2020/02/04,3.0,0.0,0.0,3.0,0.0,0.0,0.0
India,2020/02/05,3.0,0.0,0.0,3.0,0.0,0.0,0.0
India,2020/02/06,3.0,0.0,0.0,3.0,0.0,0.0,0.0
India,2020/02/07,3.0,0.0,0.0,3.0,0.0,0.0,0.0
India,2020/02/08,3.0,0.0,0.0,3.0,0.0,0.0,0.0
India,2020/02/09,3.0,0.0,0.0,3.0,0.0,0.0,0.0
India,2020/02/10,3.0,0.0,0.0,3.0,0.0,0.0,0.0
India,2020/02/11,3.0,0.0,0.0,3.0,0.0,0.0,0.0
India,2020/02/12,3.0,0.0,0.0,3.0,0.0,0.0,0.0
India,2020/02/13,3.0,0.0,0.0,3.0,0.0,0.0,0.0
India,2020/02/14,3.0,0.0,0.0,3.0,0.0,0.0,0.0
India,2020/02/15,3.0,0.0,0.0,3.0,0.0,0.0,0.0
India,2020/02/16,3.0,0.0,3.0,0.0,0.0,0.0,0.0
India,2020/02/17,3.0,0.0,3.0,0.0,0.0,0.0,0.0
India,2020/02/18,3.0,0.0,3.0,0.0,0.0,0.0,0.0
India,2020/02/19,3.0,0.0,3.0,0.0,0.0,0.0,0.0
India,2020/02/20,3.0,0.0,3.0,0.0,0.0,0.0,0.0
India,2020/02/21,3.0,0.0,3.0,0.0,0.0,0.0,0.0
India,2020/02/22,3.0,0.0,3.0,0.0,0.0,0.0,0.0
India,2020/02/23,3.0,0.0,3.0,0.0,0.0,0.0,0.0
India,2020/02/24,3.0,0.0,3.0,0.0,0.0,0.0,0.0
India,2020/02/25,3.0,0.0,3.0,0.0,0.0,0.0,0.0
India,2020/02/26,3.0,0.0,3.0,0.0,0.0,0.0,0.0
India,2020/02/27,3.0,0.0,3.0,0.0,0.0,0.0,0.0
India,2020/02/28,3.0,0.0,3.0,0.0,0.0,0.0,0.0
India,2020/02/29,3.0,0.0,3.0,0.0,0.0,0.0,0.0
India,2020/03/01,3.0,0.0,3.0,0.0,0.0,0.0,0.0
India,2020/03/02,5.0,0.0,3.0,2.0,2.0,0.0,0.0
India,2020/03/03,5.0,0.0,3.0,2.0,0.0,0.0,0.0
India,2020/03/04,28.0,0.0,3.0,25.0,23.0,0.0,0.0
India,2020/03/05,30.0,0.0,3.0,27.0,2.0,0.0,0.0
India,2020/03/06,31.0,0.0,3.0,28.0,1.0,0.0,0.0
India,2020/03/07,34.0,0.0,3.0,31.0,3.0,0.0,0.0
India,2020/03/08,39.0,0.0,3.0,36.0,5.0,0.0,0.0
India,2020/03/09,43.0,0.0,3.0,40.0,4.0,0.0,0.0
India,2020/03/10,56.0,0.0,4.0,52.0,13.0,0.0,0.0
India,2020/03/11,62.0,1.0,4.0,57.0,6.0,1.0,0.0
India,2020/03/12,73.0,1.0,4.0,68.0,11.0,0.0,0.0
India,2020/03/13,82.0,2.0,4.0,76.0,9.0,1.0,1.0
India,2020/03/14,102.0,2.0,4.0,96.0,20.0,0.0,0.0
India,2020/03/15,113.0,2.0,13.0,98.0,11.0,0.0,0.0
India,2020/03/16,119.0,2.0,13.0,104.0,6.0,0.0,0.0
India,2020/03/17,142.0,3.0,14.0,125.0,23.0,1.0,0.0
India,2020/03/18,156.0,3.0,14.0,139.0,14.0,0.0,0.0
India,2020/03/19,194.0,4.0,15.0,175.0,38.0,1.0,1.0
India,2020/03/20,244.0,5.0,20.0,219.0,50.0,1.0,1.0
India,2020/03/21,330.0,4.0,23.0,303.0,86.0,0.0,0.0
India,2020/03/22,396.0,7.0,24.0,365.0,66.0,3.0,1.0
India,2020/03/23,499.0,10.0,34.0,455.0,103.0,3.0,2.0
India,2020/03/24,536.0,10.0,40.0,486.0,37.0,0.0,2.0
India,2020/03/25,657.0,12.0,43.0,602.0,121.0,2.0,2.0
India,2020/03/26,727.0,20.0,45.0,662.0,70.0,8.0,3.0
India,2020/03/27,887.0,20.0,73.0,794.0,160.0,0.0,3.0
India,2020/03/28,987.0,24.0,84.0,879.0,100.0,4.0,4.0
India,2020/03/29,1024.0,27.0,95.0,902.0,37.0,3.0,2.0
India,2020/03/30,1251.0,32.0,102.0,1117.0,227.0,5.0,4.0
India,2020/03/31,1397.0,35.0,123.0,1239.0,146.0,3.0,4.0
India,2020/04/01,1998.0,58.0,148.0,1792.0,601.0,23.0,10.0
India,2020/04/02,2543.0,72.0,191.0,2280.0,545.0,14.0,13.0
India,2020/04/03,2567.0,72.0,192.0,2303.0,24.0,0.0,12.0
India,2020/04/04,3082.0,86.0,229.0,2767.0,515.0,14.0,9.0
India,2020/04/05,3588.0,99.0,229.0,3260.0,506.0,13.0,9.0
India,2020/04/06,4778.0,136.0,375.0,4267.0,1190.0,37.0,21.0
India,2020/04/07,5311.0,150.0,421.0,4740.0,533.0,14.0,21.0
India,2020/04/08,5916.0,178.0,506.0,5232.0,605.0,28.0,26.0
India,2020/04/09,6725.0,226.0,620.0,5879.0,809.0,48.0,30.0
India,2020/04/10,7598.0,246.0,774.0,6578.0,873.0,20.0,32.0
India,2020/04/11,8446.0,288.0,969.0,7189.0,848.0,42.0,37.0
India,2020/04/12,9205.0,331.0,1080.0,7794.0,759.0,43.0,35.0
India,2020/04/13,10453.0,358.0,1181.0,8914.0,1248.0,27.0,37.0
India,2020/04/14,11487.0,393.0,1359.0,9735.0,1034.0,35.0,35.0
India,2020/04/15,12322.0,405.0,1432.0,10485.0,835.0,12.0,25.0
India,2020/04/16,13430.0,448.0,1768.0,11214.0,1108.0,43.0,30.0
India,2020/04/17,14352.0,486.0,2041.0,11825.0,922.0,38.0,31.0
India,2020/04/18,15722.0,521.0,2463.0,12738.0,1370.0,35.0,39.0
India,2020/04/19,17615.0,559.0,2854.0,14202.0,1893.0,38.0,37.0
India,2020/04/20,18539.0,592.0,3273.0,14674.0,924.0,33.0,35.0
India,2020/04/21,20080.0,645.0,3975.0,15460.0,1541.0,53.0,41.0
India,2020/04/22,21370.0,681.0,4370.0,16319.0,1290.0,36.0,41.0
India,2020/04/23,23077.0,721.0,5012.0,17344.0,1707.0,40.0,43.0
India,2020/04/24,24530.0,780.0,5498.0,18252.0,1453.0,59.0,45.0
India,2020/04/25,26283.0,825.0,5939.0,19519.0,1753.0,45.0,48.0
India,2020/04/26,27890.0,881.0,6523.0,20486.0,1607.0,56.0,53.0
India,2020/04/27,29451.0,939.0,7137.0,21375.0,1561.0,58.0,53.0
India,2020/04/28,31324.0,1008.0,7747.0,22569.0,1873.0,69.0,61.0
India,2020/04/29,33062.0,1079.0,8437.0,23546.0,1738.0,71.0,66.0
India,2020/04/30,34863.0,1154.0,9068.0,24641.0,1801.0,75.0,72.0
India,2020/05/01,37257.0,1223.0,10007.0,26027.0,2394.0,69.0,72.0
India,2020/05/02,39699.0,1323.0,10819.0,27557.0,2442.0,100.0,81.0
India,2020/05/03,42505.0,1391.0,11775.0,29339.0,2806.0,68.0,79.0
India,2020/05/04,46437.0,1566.0,12847.0,32024.0,3932.0,175.0,114.0
India,2020/05/05,49400.0,1693.0,14142.0,33565.0,2963.0,127.0,123.0
India,2020/05/06,52987.0,1785.0,15331.0,35871.0,3587.0,92.0,131.0
India,2020/05/07,56351.0,1889.0,16776.0,37686.0,3364.0,104.0,108.0
India,2020/05/08,59695.0,1985.0,17887.0,39823.0,3344.0,96.0,97.0
India,2020/05/09,62808.0,2101.0,19301.0,41406.0,3113.0,116.0,105.0
India,2020/05/10,67161.0,2212.0,20969.0,43980.0,4353.0,111.0,108.0
India,2020/05/11,70768.0,2294.0,22549.0,45925.0,3607.0,82.0,103.0
India,2020/05/12,74292.0,2415.0,24420.0,47457.0,3524.0,121.0,105.0
India,2020/05/13,78055.0,2551.0,26400.0,49104.0,3763.0,136.0,113.0
India,2020/05/14,81997.0,2649.0,27969.0,51379.0,3942.0,98.0,118.0
India,2020/05/15,85784.0,2753.0,30258.0,52773.0,3787.0,104.0,113.0
India,2020/05/16,90648.0,2871.0,34224.0,53553.0,4864.0,118.0,107.0
India,2020/05/17,95698.0,3025.0,36795.0,55878.0,5050.0,154.0,125.0
India,2020/05/18,100328.0,3156.0,39233.0,57939.0,4630.0,131.0,134.0
India,2020/05/19,106475.0,3302.0,42309.0,60864.0,6147.0,146.0,144.0
India,2020/05/20,112028.0,3434.0,45422.0,63172.0,5553.0,132.0,136.0
India,2020/05/21,118226.0,3584.0,48553.0,66089.0,6198.0,150.0,143.0
India,2020/05/22,124794.0,3726.0,51824.0,69244.0,6568.0,142.0,141.0
India,2020/05/23,131423.0,3868.0,54385.0,73170.0,6629.0,142.0,145.0
India,2020/05/24,138536.0,4024.0,57692.0,76820.0,7113.0,156.0,147.0
India,2020/05/25,144950.0,4172.0,60706.0,80072.0,6414.0,148.0,149.0
India,2020/05/26,150793.0,4344.0,64277.0,82172.0,5843.0,172.0,159.0
India,2020/05/27,158086.0,4534.0,67749.0,85803.0,7293.0,190.0,170.0
India,2020/05/28,165386.0,4711.0,70920.0,89755.0,7300.0,177.0,180.0
India,2020/05/29,173491.0,4980.0,82627.0,85884.0,8105.0,269.0,212.0
India,2020/05/30,181827.0,5185.0,86936.0,89706.0,8336.0,205.0,217.0
India,2020/05/31,190609.0,5408.0,91852.0,93349.0,8782.0,223.0,232.0
India,2020/06/01,198370.0,5608.0,95754.0,97008.0,7761.0,200.0,209.0
India,2020/06/02,207191.0,5829.0,100285.0,101077.0,8821.0,221.0,215.0
India,2020/06/03,216824.0,6088.0,104071.0,106665.0,9633.0,259.0,227.0
India,2020/06/04,226713.0,6363.0,108450.0,111900.0,9889.0,275.0,252.0
Italy,2020/01/22,0.0,0.0,0.0,0.0,0.0,0.0,0.0
Italy,2020/01/23,0.0,0.0,0.0,0.0,0.0,0.0,0.0
Italy,2020/01/24,0.0,0.0,0.0,0.0,0.0,0.0,0.0
Italy,2020/01/25,0.0,0.0,0.0,0.0,0.0,0.0,0.0
Italy,2020/01/26,0.0,0.0,0.0,0.0,0.0,0.0,0.0
Italy,2020/01/27,0.0,0.0,0.0,0.0,0.0,0.0,0.0
Italy,2020/01/28,0.0,0.0,0.0,0.0,0.0,0.0,0.0
Italy,2020/01/29,0.0,0.0,0.0,0.0,0.0,0.0,0.0
Italy,2020/01/30,0.0,0.0,0.0,0.0,0.0,0.0,0.0
Italy,2020/01/31,2.0,0.0,0.0,0.0,0.0,0.0,0.0
Italy,2020/02/01,2.0,0.0,0.0,2.0,0.0,0.0,0.0
Italy,2020/02/02,2.0,0.0,0.0,2.0,0.0,0.0,0.0
Italy,2020/02/03,2.0,0.0,0.0,2.0,0.0,0.0,0.0
Italy,2020/02/04,2.0,0.0,0.0,2.0,0.0,0.0,0.0
Italy,2020/02/05,2.0,0.0,0.0,2.0,0.0,0.0,0.0
Italy,2020/02/06,2.0,0.0,0.0,2.0,0.0,0.0,0.0
Italy,2020/02/07,3.0,0.0,0.0,3.0,1.0,0.0,0.0
Italy,2020/02/08,3.0,0.0,0.0,3.0,0.0,0.0,0.0
Italy,2020/02/09,3.0,0.0,0.0,3.0,0.0,0.0,0.0
Italy,2020/02/10,3.0,0.0,0.0,3.0,0.0,0.0,0.0
Italy,2020/02/11,3.0,0.0,0.0,3.0,0.0,0.0,0.0
Italy,2020/02/12,3.0,0.0,0.0,3.0,0.0,0.0,0.0
Italy,2020/02/13,3.0,0.0,0.0,3.0,0.0,0.0,0.0
Italy,2020/02/14,3.0,0.0,0.0,3.0,0.0,0.0,0.0
Italy,2020/02/15,3.0,0.0,0.0,3.0,0.0,0.0,0.0
Italy,2020/02/16,3.0,0.0,0.0,3.0,0.0,0.0,0.0
Italy,2020/02/17,3.0,0.0,0.0,3.0,0.0,0.0,0.0
Italy,2020/02/18,3.0,0.0,0.0,3.0,0.0,0.0,0.0
Italy,2020/02/19,3.0,0.0,0.0,3.0,0.0,0.0,0.0
Italy,2020/02/20,3.0,0.0,0.0,3.0,0.0,0.0,0.0
Italy,2020/02/21,20.0,1.0,0.0,19.0,17.0,1.0,0.0
Italy,2020/02/22,62.0,2.0,1.0,59.0,42.0,1.0,1.0
Italy,2020/02/23,155.0,3.0,2.0,150.0,93.0,1.0,1.0
Italy,2020/02/24,229.0,7.0,1.0,221.0,74.0,4.0,2.0
Italy,2020/02/25,322.0,10.0,1.0,311.0,93.0,3.0,3.0
Italy,2020/02/26,453.0,12.0,3.0,438.0,131.0,2.0,3.0
Italy,2020/02/27,655.0,17.0,45.0,593.0,202.0,5.0,3.0
Italy,2020/02/28,888.0,21.0,46.0,821.0,233.0,4.0,4.0
Italy,2020/02/29,1128.0,29.0,46.0,1053.0,240.0,8.0,6.0
Italy,2020/03/01,1694.0,34.0,83.0,1577.0,566.0,5.0,6.0
Italy,2020/03/02,2036.0,52.0,149.0,1835.0,342.0,18.0,10.0
Italy,2020/03/03,2502.0,79.0,160.0,2263.0,466.0,27.0,17.0
Italy,2020/03/04,3089.0,107.0,276.0,2706.0,587.0,28.0,24.0
Italy,2020/03/05,3858.0,148.0,414.0,3296.0,769.0,41.0,32.0
Italy,2020/03/06,4636.0,197.0,523.0,3916.0,778.0,49.0,39.0
Italy,2020/03/07,5883.0,233.0,589.0,5061.0,1247.0,36.0,42.0
Italy,2020/03/08,7375.0,366.0,622.0,6387.0,1492.0,133.0,73.0
Italy,2020/03/09,9172.0,463.0,724.0,7985.0,1797.0,97.0,89.0
Italy,2020/03/10,10149.0,631.0,724.0,8794.0,977.0,168.0,133.0
Italy,2020/03/11,12462.0,827.0,1045.0,10590.0,2313.0,196.0,154.0
Italy,2020/03/12,12462.0,827.0,1045.0,10590.0,0.0,0.0,121.0
Italy,2020/03/13,17660.0,1266.0,1439.0,14955.0,5198.0,439.0,212.0
Italy,2020/03/14,21157.0,1441.0,1966.0,17750.0,3497.0,175.0,205.0
Italy,2020/03/15,24747.0,1809.0,2335.0,20603.0,3590.0,368.0,327.0
Italy,2020/03/16,27980.0,2158.0,2749.0,23073.0,3233.0,349.0,297.0
Italy,2020/03/17,31506.0,2503.0,2941.0,26062.0,3526.0,345.0,354.0
Italy,2020/03/18,35713.0,2978.0,4025.0,28710.0,4207.0,475.0,390.0
Italy,2020/03/19,41035.0,3405.0,4440.0,33190.0,5322.0,427.0,416.0
Italy,2020/03/20,47021.0,4032.0,4440.0,38549.0,5986.0,627.0,510.0
Italy,2020/03/21,53578.0,4825.0,6072.0,42681.0,6557.0,793.0,616.0
Italy,2020/03/22,59138.0,5476.0,7024.0,46638.0,5560.0,651.0,690.0
Italy,2020/03/23,63927.0,6077.0,7432.0,50418.0,4789.0,601.0,682.0
Italy,2020/03/24,69176.0,6820.0,8326.0,54030.0,5249.0,743.0,665.0
Italy,2020/03/25,74386.0,7503.0,9362.0,57521.0,5210.0,683.0,676.0
Italy,2020/03/26,80589.0,8215.0,10361.0,62013.0,6203.0,712.0,713.0
Italy,2020/03/27,86498.0,9134.0,10950.0,66414.0,5909.0,919.0,771.0
Italy,2020/03/28,92472.0,10023.0,12384.0,70065.0,5974.0,889.0,840.0
Italy,2020/03/29,97689.0,10779.0,13030.0,73880.0,5217.0,756.0,855.0
Italy,2020/03/30,101739.0,11591.0,14620.0,75528.0,4050.0,812.0,819.0
Italy,2020/03/31,105792.0,12428.0,15729.0,77635.0,4053.0,837.0,802.0
Italy,2020/04/01,110574.0,13155.0,16847.0,80572.0,4782.0,727.0,792.0
Italy,2020/04/02,115242.0,13915.0,18278.0,83049.0,4668.0,760.0,775.0
Italy,2020/04/03,119827.0,14681.0,19758.0,85388.0,4585.0,766.0,751.0
Italy,2020/04/04,124632.0,15362.0,20996.0,88274.0,4805.0,681.0,736.0
Italy,2020/04/05,128948.0,15887.0,21815.0,91246.0,4316.0,525.0,657.0
Italy,2020/04/06,132547.0,16523.0,22837.0,93187.0,3599.0,636.0,614.0
Italy,2020/04/07,135586.0,17127.0,24392.0,94067.0,3039.0,604.0,588.0
Italy,2020/04/08,139422.0,17669.0,26491.0,95262.0,3836.0,542.0,594.0
Italy,2020/04/09,143626.0,18279.0,28470.0,96877.0,4204.0,610.0,585.0
Italy,2020/04/10,147577.0,18849.0,30455.0,98273.0,3951.0,570.0,574.0
Italy,2020/04/11,152271.0,19468.0,32534.0,100269.0,4694.0,619.0,600.0
Italy,2020/04/12,156363.0,19899.0,34211.0,102253.0,4092.0,431.0,540.0
Italy,2020/04/13,159516.0,20465.0,35435.0,103616.0,3153.0,566.0,539.0
Italy,2020/04/14,162488.0,21067.0,37130.0,104291.0,2972.0,602.0,533.0
Italy,2020/04/15,165155.0,21645.0,38092.0,105418.0,2667.0,578.0,582.0
Italy,2020/04/16,168941.0,22170.0,40164.0,106607.0,3786.0,525.0,568.0
Italy,2020/04/17,172434.0,22745.0,42727.0,106962.0,3493.0,575.0,559.0
Italy,2020/04/18,175925.0,23227.0,44927.0,107771.0,3491.0,482.0,527.0
Italy,2020/04/19,178972.0,23660.0,47055.0,108257.0,3047.0,433.0,497.0
Italy,2020/04/20,181228.0,24114.0,48877.0,108237.0,2256.0,454.0,456.0
Italy,2020/04/21,183957.0,24648.0,51600.0,107709.0,2729.0,534.0,474.0
Italy,2020/04/22,187327.0,25085.0,54543.0,107699.0,3370.0,437.0,475.0
Italy,2020/04/23,189973.0,25549.0,57576.0,106848.0,2646.0,464.0,478.0
Italy,2020/04/24,192994.0,25969.0,60498.0,106527.0,3021.0,420.0,440.0
Italy,2020/04/25,195351.0,26384.0,63120.0,105847.0,2357.0,415.0,433.0
Italy,2020/04/26,197675.0,26644.0,64928.0,106103.0,2324.0,260.0,365.0
Italy,2020/04/27,199414.0,26977.0,66624.0,105813.0,1739.0,333.0,336.0
Italy,2020/04/28,201505.0,27359.0,68941.0,105205.0,2091.0,382.0,325.0
Italy,2020/04/29,203591.0,27682.0,71252.0,104657.0,2086.0,323.0,346.0
Italy,2020/04/30,205463.0,27967.0,75945.0,101551.0,1872.0,285.0,330.0
Italy,2020/05/01,207428.0,28236.0,78249.0,100943.0,1965.0,269.0,292.0
Italy,2020/05/02,209328.0,28710.0,79914.0,100704.0,1900.0,474.0,343.0
Italy,2020/05/03,210717.0,28884.0,81654.0,100179.0,1389.0,174.0,306.0
Italy,2020/05/04,211938.0,29079.0,82879.0,99980.0,1221.0,195.0,281.0
Italy,2020/05/05,213013.0,29315.0,85231.0,98467.0,1075.0,236.0,202.0
Italy,2020/05/06,214457.0,29684.0,93245.0,91528.0,1444.0,369.0,267.0
Italy,2020/05/07,215858.0,29958.0,96276.0,89624.0,1401.0,274.0,293.0
Italy,2020/05/08,217185.0,30201.0,99023.0,87961.0,1327.0,243.0,295.0
Italy,2020/05/09,218268.0,30395.0,103031.0,84842.0,1083.0,194.0,237.0
Italy,2020/05/10,219070.0,30560.0,105186.0,83324.0,802.0,165.0,201.0
Italy,2020/05/11,219814.0,30739.0,106587.0,82488.0,744.0,179.0,179.0
Italy,2020/05/12,221216.0,30911.0,109039.0,81266.0,1402.0,172.0,172.0
Italy,2020/05/13,222104.0,31106.0,112541.0,78457.0,888.0,195.0,182.0
Italy,2020/05/14,223096.0,31368.0,115288.0,76440.0,992.0,262.0,210.0
Italy,2020/05/15,223885.0,31610.0,120205.0,72070.0,789.0,242.0,233.0
Italy,2020/05/16,224760.0,31763.0,122810.0,70187.0,875.0,153.0,219.0
Italy,2020/05/17,225435.0,31908.0,125176.0,68351.0,675.0,145.0,180.0
Italy,2020/05/18,225886.0,32007.0,127326.0,66553.0,451.0,99.0,132.0
Italy,2020/05/19,226699.0,32169.0,129401.0,65129.0,813.0,162.0,135.0
Italy,2020/05/20,227364.0,32330.0,132282.0,62752.0,665.0,161.0,141.0
Italy,2020/05/21,228006.0,32486.0,134560.0,60960.0,642.0,156.0,160.0
Italy,2020/05/22,228658.0,32616.0,136720.0,59322.0,652.0,130.0,149.0
Italy,2020/05/23,229327.0,32735.0,138840.0,57752.0,669.0,119.0,135.0
Italy,2020/05/24,229858.0,32785.0,140479.0,56594.0,531.0,50.0,100.0
Italy,2020/05/25,230158.0,32877.0,141981.0,55300.0,300.0,92.0,87.0
Italy,2020/05/26,230555.0,32955.0,144658.0,52942.0,397.0,78.0,73.0
Italy,2020/05/27,231139.0,33072.0,147101.0,50966.0,584.0,117.0,96.0
Italy,2020/05/28,231732.0,33142.0,150604.0,47986.0,593.0,70.0,88.0
Italy,2020/05/29,232248.0,33229.0,152844.0,46175.0,516.0,87.0,91.0
Italy,2020/05/30,232664.0,33340.0,155633.0,43691.0,416.0,111.0,89.0
Italy,2020/05/31,232997.0,33415.0,157507.0,42075.0,333.0,75.0,91.0
Italy,2020/06/01,233197.0,33475.0,158355.0,41367.0,200.0,60.0,82.0
Italy,2020/06/02,233515.0,33530.0,160092.0,39893.0,318.0,55.0,63.0
Italy,2020/06/03,233836.0,33601.0,160938.0,39297.0,321.0,71.0,62.0
Italy,2020/06/04,234013.0,33689.0,161895.0,38429.0,177.0,88.0,71.0
Others,2020/01/22,552.0,17.0,28.0,399.0,0.0,0.0,0.0
Others,2020/01/23,647.0,18.0,30.0,399.0,94.0,1.0,0.0
Others,2020/01/24,930.0,26.0,36.0,494.0,283.0,8.0,0.0
Others,2020/01/25,1426.0,42.0,39.0,689.0,495.0,16.0,9.0
Others,2020/01/26,2099.0,56.0,52.0,1002.0,672.0,14.0,13.0
Others,2020/01/27,2904.0,82.0,61.0,1428.0,804.0,26.0,18.0
Others,2020/01/28,5547.0,131.0,107.0,3496.0,2643.0,49.0,29.0
Others,2020/01/29,6133.0,133.0,126.0,3846.0,581.0,2.0,25.0
Others,2020/01/30,8201.0,171.0,143.0,5324.0,2068.0,38.0,30.0
Others,2020/01/31,9882.0,213.0,222.0,6291.0,1680.0,42.0,27.0
Others,2020/02/01,11984.0,259.0,283.0,11442.0,2102.0,46.0,42.0
Others,2020/02/02,16729.0,362.0,471.0,15896.0,4745.0,103.0,64.0
Others,2020/02/03,19815.0,426.0,622.0,18767.0,3086.0,64.0,71.0
Others,2020/02/04,23823.0,492.0,851.0,22480.0,4007.0,66.0,77.0
Others,2020/02/05,27566.0,564.0,1123.0,25879.0,3743.0,72.0,67.0
Others,2020/02/06,30741.0,634.0,1484.0,28623.0,3175.0,70.0,69.0
Others,2020/02/07,34251.0,719.0,2008.0,31524.0,3510.0,85.0,75.0
Others,2020/02/08,36971.0,806.0,2613.0,33552.0,2720.0,87.0,81.0
Others,2020/02/09,40059.0,906.0,3238.0,35915.0,3024.0,100.0,90.0
Others,2020/02/10,42665.0,1013.0,3940.0,37712.0,2606.0,107.0,98.0
Others,2020/02/11,44701.0,1113.0,4672.0,38916.0,2036.0,100.0,102.0
Others,2020/02/12,45119.0,1118.0,5132.0,38869.0,418.0,5.0,71.0
Others,2020/02/13,60264.0,1371.0,6274.0,52619.0,15145.0,253.0,119.0
Others,2020/02/14,66781.0,1523.0,8036.0,57222.0,6516.0,152.0,137.0
Others,2020/02/15,68925.0,1665.0,9369.0,57891.0,2144.0,142.0,182.0
Others,2020/02/16,71117.0,1768.0,10827.0,58522.0,2192.0,103.0,133.0
Others,2020/02/17,73149.0,1866.0,12545.0,58738.0,2032.0,98.0,115.0
Others,2020/02/18,75027.0,2005.0,14303.0,58719.0,1878.0,139.0,113.0
Others,2020/02/19,75529.0,2120.0,16072.0,57337.0,500.0,113.0,116.0
Others,2020/02/20,76086.0,2245.0,18127.0,55714.0,557.0,125.0,125.0
Others,2020/02/21,76691.0,2248.0,18829.0,55614.0,603.0,3.0,80.0
Others,2020/02/22,78405.0,2454.0,22824.0,53127.0,1714.0,206.0,112.0
Others,2020/02/23,78696.0,2464.0,23331.0,52901.0,291.0,10.0,73.0
Others,2020/02/24,79183.0,2620.0,25162.0,51401.0,482.0,156.0,124.0
Others,2020/02/25,79927.0,2696.0,27829.0,49402.0,739.0,76.0,81.0
Others,2020/02/26,80749.0,2755.0,30305.0,47689.0,815.0,59.0,97.0
Others,2020/02/27,81862.0,2794.0,33154.0,45914.0,1109.0,39.0,59.0
Others,2020/02/28,82948.0,2848.0,36585.0,43515.0,1081.0,54.0,51.0
Others,2020/02/29,84495.0,2908.0,39652.0,41935.0,1543.0,60.0,51.0
Others,2020/03/01,86144.0,2958.0,42549.0,40637.0,1638.0,50.0,54.0
Others,2020/03/02,87581.0,3023.0,45366.0,39192.0,1428.0,65.0,58.0
Others,2020/03/03,89520.0,3068.0,47980.0,38472.0,1935.0,45.0,52.0
Others,2020/03/04,90910.0,3129.0,50806.0,36975.0,1386.0,61.0,57.0
Others,2020/03/05,92443.0,3177.0,53294.0,35972.0,1528.0,48.0,51.0
Others,2020/03/06,94828.0,3232.0,55252.0,36344.0,2380.0,55.0,54.0
Others,2020/03/07,96891.0,3284.0,57640.0,35967.0,2060.0,52.0,51.0
Others,2020/03/08,98552.0,3376.0,59941.0,35235.0,1648.0,92.0,65.0
Others,2020/03/09,99777.0,3457.0,61652.0,34668.0,1221.0,81.0,75.0
Others,2020/03/10,101870.0,3526.0,63540.0,34804.0,2052.0,76.0,75.0
Others,2020/03/11,104998.0,3638.0,65687.0,35673.0,3135.0,114.0,86.0
Others,2020/03/12,106886.0,3738.0,67004.0,36144.0,1884.0,99.0,92.0
Others,2020/03/13,111563.0,3862.0,68506.0,39195.0,4668.0,123.0,109.0
Others,2020/03/14,115125.0,4006.0,70023.0,41096.0,3546.0,144.0,118.0
Others,2020/03/15,119416.0,4154.0,73055.0,42207.0,4285.0,148.0,137.0
Others,2020/03/16,122830.0,4317.0,74653.0,43860.0,3410.0,168.0,151.0
Others,2020/03/17,127656.0,4528.0,76680.0,46448.0,4822.0,211.0,172.0
Others,2020/03/18,132362.0,4759.0,77875.0,49728.0,4697.0,231.0,198.0
Others,2020/03/19,139526.0,4995.0,79071.0,55460.0,7161.0,238.0,221.0
Others,2020/03/20,147212.0,5264.0,80919.0,61029.0,7676.0,270.0,236.0
Others,2020/03/21,156061.0,5560.0,82932.0,67569.0,8848.0,299.0,261.0
Others,2020/03/22,165674.0,5874.0,85468.0,74332.0,9610.0,315.0,289.0
Others,2020/03/23,176001.0,6186.0,87296.0,82519.0,10327.0,312.0,305.0
Others,2020/03/24,187262.0,6535.0,88470.0,92257.0,11972.0,357.0,326.0
Others,2020/03/25,200533.0,7001.0,90974.0,102558.0,12571.0,460.0,373.0
Others,2020/03/26,216436.0,7527.0,93169.0,115740.0,15817.0,528.0,446.0
Others,2020/03/27,233900.0,8118.0,97032.0,128750.0,17456.0,591.0,518.0
Others,2020/03/28,253036.0,8694.0,99094.0,145248.0,19136.0,576.0,558.0
Others,2020/03/29,270593.0,9311.0,101819.0,159463.0,17557.0,617.0,591.0
Others,2020/03/30,287114.0,9986.0,105420.0,171708.0,16521.0,675.0,622.0
Others,2020/03/31,306309.0,10957.0,109327.0,186025.0,19194.0,971.0,747.0
Others,2020/04/01,325438.0,11826.0,114264.0,199348.0,19129.0,869.0,830.0
Others,2020/04/02,347230.0,12878.0,119796.0,214556.0,21789.0,1052.0,964.0
Others,2020/04/03,368153.0,13884.0,125567.0,228702.0,20923.0,1006.0,973.0
Others,2020/04/04,387659.0,14899.0,132277.0,240483.0,19506.0,1016.0,1023.0
Others,2020/04/05,408957.0,15888.0,135466.0,257603.0,21297.0,991.0,1004.0
Others,2020/04/06,427967.0,16951.0,145042.0,265974.0,19006.0,1064.0,1022.0
Others,2020/04/07,448076.0,18434.0,152083.0,277559.0,20109.0,1483.0,1178.0
Others,2020/04/08,469768.0,19649.0,159592.0,290527.0,21692.0,1215.0,1252.0
Others,2020/04/09,493195.0,21028.0,168464.0,303703.0,23427.0,1379.0,1360.0
Others,2020/04/10,520731.0,22481.0,177779.0,320471.0,27535.0,1453.0,1339.0
Others,2020/04/11,543847.0,23782.0,190181.0,329884.0,23116.0,1301.0,1370.0
Others,2020/04/12,565887.0,25016.0,198980.0,341891.0,22040.0,1234.0,1327.0
Others,2020/04/13,586697.0,26149.0,206520.0,354028.0,20810.0,1133.0,1219.0
Others,2020/04/14,606872.0,27527.0,214809.0,364536.0,20175.0,1380.0,1249.0
Others,2020/04/15,630580.0,29013.0,224515.0,377052.0,23708.0,1486.0,1326.0
Others,2020/04/16,656816.0,30763.0,237040.0,389013.0,26236.0,1750.0,1535.0
Others,2020/04/17,682460.0,33433.0,248044.0,400983.0,25644.0,2670.0,1963.0
Others,2020/04/18,705583.0,34731.0,258590.0,412262.0,23123.0,1298.0,1902.0
Others,2020/04/19,728499.0,36056.0,267902.0,424541.0,22916.0,1325.0,1755.0
Others,2020/04/20,753414.0,37186.0,277575.0,438653.0,24915.0,1130.0,1254.0
Others,2020/04/21,776652.0,38636.0,296442.0,441574.0,23238.0,1450.0,1302.0
Others,2020/04/22,800271.0,40203.0,308725.0,451343.0,23619.0,1567.0,1378.0
Others,2020/04/23,827110.0,41758.0,320168.0,465184.0,26839.0,1555.0,1519.0
Others,2020/04/24,863194.0,43364.0,339832.0,479998.0,36084.0,1606.0,1569.0
Others,2020/04/25,885228.0,44630.0,351735.0,488863.0,22034.0,1268.0,1468.0
Others,2020/04/26,906895.0,45521.0,365437.0,495937.0,21667.0,891.0,1250.0
Others,2020/04/27,927909.0,46676.0,378768.0,502465.0,21014.0,1155.0,1097.0
Others,2020/04/28,948548.0,48046.0,395279.0,505223.0,20639.0,1370.0,1136.0
Others,2020/04/29,971870.0,49447.0,413857.0,508566.0,23322.0,1401.0,1305.0
Others,2020/04/30,999199.0,50717.0,430334.0,518148.0,27314.0,1270.0,1344.0
Others,2020/05/01,1024021.0,52047.0,446981.0,524993.0,24822.0,1336.0,1327.0
Others,2020/05/02,1047487.0,53337.0,460070.0,534080.0,23466.0,1290.0,1292.0
Others,2020/05/03,1072091.0,54340.0,476447.0,541304.0,24604.0,1003.0,1199.0
Others,2020/05/04,1096427.0,55463.0,494294.0,546670.0,24336.0,1123.0,1139.0
Others,2020/05/05,1119605.0,56684.0,513029.0,549892.0,23178.0,1221.0,1109.0
Others,2020/05/06,1145818.0,58172.0,534999.0,552647.0,26213.0,1488.0,1271.0
Others,2020/05/07,1170186.0,59468.0,551943.0,558775.0,24368.0,1296.0,1331.0
Others,2020/05/08,1197306.0,60713.0,570680.0,565913.0,27120.0,1245.0,1342.0
Others,2020/05/09,1224342.0,61714.0,591680.0,570948.0,27036.0,1001.0,1177.0
Others,2020/05/10,1251659.0,62974.0,607313.0,581372.0,27317.0,1260.0,1163.0
Others,2020/05/11,1276288.0,63793.0,623295.0,589200.0,24629.0,819.0,1024.0
Others,2020/05/12,1305963.0,65200.0,644274.0,596489.0,29675.0,1413.0,1154.0
Others,2020/05/13,1334673.0,66487.0,665225.0,602961.0,28710.0,1287.0,1163.0
Others,2020/05/14,1364626.0,67599.0,684754.0,612273.0,29953.0,1112.0,1261.0
Others,2020/05/15,1397968.0,69028.0,706631.0,622309.0,33342.0,1429.0,1276.0
Others,2020/05/16,1427946.0,70085.0,725113.0,632748.0,29978.0,1057.0,1193.0
Others,2020/05/17,1457594.0,70934.0,745864.0,640796.0,29648.0,849.0,1108.0
Others,2020/05/18,1489214.0,71770.0,766897.0,650547.0,31620.0,837.0,910.0
Others,2020/05/19,1522243.0,72846.0,787691.0,661706.0,33029.0,1076.0,916.0
Others,2020/05/20,1557232.0,74097.0,808544.0,674591.0,34989.0,1251.0,1053.0
Others,2020/05/21,1595026.0,75366.0,830468.0,689192.0,37794.0,1269.0,1195.0
Others,2020/05/22,1633894.0,76742.0,862341.0,694811.0,38868.0,1376.0,1296.0
Others,2020/05/23,1670740.0,77712.0,883100.0,709928.0,36846.0,970.0,1202.0
Others,2020/05/24,1707143.0,78580.0,913152.0,715411.0,36403.0,868.0,1068.0
Others,2020/05/25,1742259.0,79621.0,947274.0,715364.0,35116.0,1043.0,957.0
Others,2020/05/26,1775666.0,80973.0,969997.0,724696.0,33407.0,1352.0,1082.0
Others,2020/05/27,1814116.0,82359.0,996631.0,735126.0,38450.0,1386.0,1256.0
Others,2020/05/28,1852594.0,83659.0,1023173.0,745762.0,38478.0,1300.0,1343.0
Others,2020/05/29,1895472.0,84901.0,1055355.0,755216.0,42878.0,1242.0,1311.0
Others,2020/05/30,1936796.0,86166.0,1084950.0,765680.0,41324.0,1265.0,1264.0
Others,2020/05/31,1978429.0,87263.0,1115126.0,776040.0,41633.0,1097.0,1195.0
Others,2020/06/01,2020612.0,88234.0,1141710.0,790668.0,42183.0,976.0,1102.0
Others,2020/06/02,2063833.0,89750.0,1137562.0,836521.0,43221.0,1516.0,1185.0
Others,2020/06/03,2112130.0,91856.0,1164504.0,855770.0,48297.0,2106.0,1523.0
Others,2020/06/04,2161478.0,93610.0,1188473.0,879395.0,49348.0,1754.0,1786.0
Peru,2020/01/22,0.0,0.0,0.0,0.0,0.0,0.0,0.0
Peru,2020/01/23,0.0,0.0,0.0,0.0,0.0,0.0,0.0
Peru,2020/01/24,0.0,0.0,0.0,0.0,0.0,0.0,0.0
Peru,2020/01/25,0.0,0.0,0.0,0.0,0.0,0.0,0.0
Peru,2020/01/26,0.0,0.0,0.0,0.0,0.0,0.0,0.0
Peru,2020/01/27,0.0,0.0,0.0,0.0,0.0,0.0,0.0
Peru,2020/01/28,0.0,0.0,0.0,0.0,0.0,0.0,0.0
Peru,2020/01/29,0.0,0.0,0.0,0.0,0.0,0.0,0.0
Peru,2020/01/30,0.0,0.0,0.0,0.0,0.0,0.0,0.0
Peru,2020/01/31,0.0,0.0,0.0,0.0,0.0,0.0,0.0
Peru,2020/02/01,0.0,0.0,0.0,0.0,0.0,0.0,0.0
Peru,2020/02/02,0.0,0.0,0.0,0.0,0.0,0.0,0.0
Peru,2020/02/03,0.0,0.0,0.0,0.0,0.0,0.0,0.0
Peru,2020/02/04,0.0,0.0,0.0,0.0,0.0,0.0,0.0
Peru,2020/02/05,0.0,0.0,0.0,0.0,0.0,0.0,0.0
Peru,2020/02/06,0.0,0.0,0.0,0.0,0.0,0.0,0.0
Peru,2020/02/07,0.0,0.0,0.0,0.0,0.0,0.0,0.0
Peru,2020/02/08,0.0,0.0,0.0,0.0,0.0,0.0,0.0
Peru,2020/02/09,0.0,0.0,0.0,0.0,0.0,0.0,0.0
Peru,2020/02/10,0.0,0.0,0.0,0.0,0.0,0.0,0.0
Peru,2020/02/11,0.0,0.0,0.0,0.0,0.0,0.0,0.0
Peru,2020/02/12,0.0,0.0,0.0,0.0,0.0,0.0,0.0
Peru,2020/02/13,0.0,0.0,0.0,0.0,0.0,0.0,0.0
Peru,2020/02/14,0.0,0.0,0.0,0.0,0.0,0.0,0.0
Peru,2020/02/15,0.0,0.0,0.0,0.0,0.0,0.0,0.0
Peru,2020/02/16,0.0,0.0,0.0,0.0,0.0,0.0,0.0
Peru,2020/02/17,0.0,0.0,0.0,0.0,0.0,0.0,0.0
Peru,2020/02/18,0.0,0.0,0.0,0.0,0.0,0.0,0.0
Peru,2020/02/19,0.0,0.0,0.0,0.0,0.0,0.0,0.0
Peru,2020/02/20,0.0,0.0,0.0,0.0,0.0,0.0,0.0
Peru,2020/02/21,0.0,0.0,0.0,0.0,0.0,0.0,0.0
Peru,2020/02/22,0.0,0.0,0.0,0.0,0.0,0.0,0.0
Peru,2020/02/23,0.0,0.0,0.0,0.0,0.0,0.0,0.0
Peru,2020/02/24,0.0,0.0,0.0,0.0,0.0,0.0,0.0
Peru,2020/02/25,0.0,0.0,0.0,0.0,0.0,0.0,0.0
Peru,2020/02/26,0.0,0.0,0.0,0.0,0.0,0.0,0.0
Peru,2020/02/27,0.0,0.0,0.0,0.0,0.0,0.0,0.0
Peru,2020/02/28,0.0,0.0,0.0,0.0,0.0,0.0,0.0
Peru,2020/02/29,0.0,0.0,0.0,0.0,0.0,0.0,0.0
Peru,2020/03/01,0.0,0.0,0.0,0.0,0.0,0.0,0.0
Peru,2020/03/02,0.0,0.0,0.0,0.0,0.0,0.0,0.0
Peru,2020/03/03,0.0,0.0,0.0,0.0,0.0,0.0,0.0
Peru,2020/03/04,0.0,0.0,0.0,0.0,0.0,0.0,0.0
Peru,2020/03/05,0.0,0.0,0.0,0.0,0.0,0.0,0.0
Peru,2020/03/06,1.0,0.0,0.0,1.0,0.0,0.0,0.0
Peru,2020/03/07,1.0,0.0,0.0,1.0,0.0,0.0,0.0
Peru,2020/03/08,6.0,0.0,0.0,6.0,5.0,0.0,0.0
Peru,2020/03/09,7.0,0.0,0.0,7.0,1.0,0.0,0.0
Peru,2020/03/10,11.0,0.0,0.0,11.0,4.0,0.0,0.0
Peru,2020/03/11,11.0,0.0,0.0,11.0,0.0,0.0,0.0
Peru,2020/03/12,15.0,0.0,0.0,15.0,4.0,0.0,0.0
Peru,2020/03/13,28.0,0.0,0.0,28.0,13.0,0.0,0.0
Peru,2020/03/14,38.0,0.0,0.0,38.0,10.0,0.0,0.0
Peru,2020/03/15,43.0,0.0,0.0,43.0,5.0,0.0,0.0
Peru,2020/03/16,86.0,0.0,0.0,86.0,43.0,0.0,0.0
Peru,2020/03/17,117.0,0.0,1.0,116.0,31.0,0.0,0.0
Peru,2020/03/18,145.0,0.0,1.0,144.0,28.0,0.0,0.0
Peru,2020/03/19,234.0,0.0,1.0,233.0,89.0,0.0,0.0
Peru,2020/03/20,234.0,3.0,1.0,230.0,0.0,3.0,1.0
Peru,2020/03/21,318.0,5.0,1.0,312.0,84.0,2.0,2.0
Peru,2020/03/22,363.0,5.0,1.0,357.0,45.0,0.0,2.0
Peru,2020/03/23,395.0,5.0,1.0,389.0,32.0,0.0,1.0
Peru,2020/03/24,416.0,7.0,1.0,408.0,21.0,2.0,1.0
Peru,2020/03/25,480.0,9.0,1.0,470.0,64.0,2.0,1.0
Peru,2020/03/26,580.0,9.0,14.0,557.0,100.0,0.0,1.0
Peru,2020/03/27,635.0,11.0,16.0,608.0,55.0,2.0,1.0
Peru,2020/03/28,671.0,16.0,16.0,639.0,36.0,5.0,2.0
Peru,2020/03/29,852.0,18.0,16.0,818.0,181.0,2.0,3.0
Peru,2020/03/30,950.0,24.0,53.0,873.0,98.0,6.0,4.0
Peru,2020/03/31,1065.0,30.0,394.0,641.0,115.0,6.0,5.0
Peru,2020/04/01,1323.0,38.0,394.0,891.0,258.0,8.0,7.0
Peru,2020/04/02,1414.0,55.0,537.0,822.0,91.0,17.0,10.0
Peru,2020/04/03,1595.0,61.0,537.0,997.0,181.0,6.0,10.0
Peru,2020/04/04,1746.0,73.0,914.0,759.0,151.0,12.0,12.0
Peru,2020/04/05,2281.0,83.0,989.0,1209.0,535.0,10.0,9.0
Peru,2020/04/06,2561.0,92.0,997.0,1472.0,280.0,9.0,10.0
Peru,2020/04/07,2954.0,107.0,1301.0,1546.0,393.0,15.0,11.0
Peru,2020/04/08,4342.0,121.0,1333.0,2888.0,1388.0,14.0,13.0
Peru,2020/04/09,5256.0,138.0,1438.0,3680.0,914.0,17.0,15.0
Peru,2020/04/10,5897.0,169.0,1569.0,4159.0,641.0,31.0,21.0
Peru,2020/04/11,6848.0,181.0,1739.0,4928.0,951.0,12.0,20.0
Peru,2020/04/12,7519.0,193.0,1798.0,5528.0,671.0,12.0,18.0
Peru,2020/04/13,9784.0,216.0,2642.0,6926.0,2265.0,23.0,16.0
Peru,2020/04/14,10303.0,230.0,2869.0,7204.0,519.0,14.0,16.0
Peru,2020/04/15,11475.0,254.0,3108.0,8113.0,1172.0,24.0,20.0
Peru,2020/04/16,12491.0,274.0,6120.0,6097.0,1016.0,20.0,19.0
Peru,2020/04/17,13489.0,300.0,6541.0,6648.0,998.0,26.0,23.0
Peru,2020/04/18,14420.0,348.0,6684.0,7388.0,931.0,48.0,31.0
Peru,2020/04/19,15628.0,400.0,6811.0,8417.0,1208.0,52.0,42.0
Peru,2020/04/20,16325.0,445.0,6968.0,8912.0,697.0,45.0,48.0
Peru,2020/04/21,17837.0,484.0,6982.0,10371.0,1512.0,39.0,45.0
Peru,2020/04/22,19250.0,530.0,7027.0,11693.0,1413.0,46.0,43.0
Peru,2020/04/23,20914.0,572.0,7422.0,12920.0,1664.0,42.0,42.0
Peru,2020/04/24,21648.0,634.0,7496.0,13518.0,734.0,62.0,50.0
Peru,2020/04/25,25331.0,700.0,7797.0,16834.0,3683.0,66.0,57.0
Peru,2020/04/26,27517.0,728.0,8088.0,18701.0,2186.0,28.0,52.0
Peru,2020/04/27,28699.0,782.0,8425.0,19492.0,1182.0,54.0,49.0
Peru,2020/04/28,31190.0,854.0,9179.0,21157.0,2491.0,72.0,51.0
Peru,2020/04/29,33931.0,943.0,10037.0,22951.0,2741.0,89.0,72.0
Peru,2020/04/30,36976.0,1051.0,10405.0,25520.0,3045.0,108.0,90.0
Peru,2020/05/01,40459.0,1124.0,11129.0,28206.0,3483.0,73.0,90.0
Peru,2020/05/02,42534.0,1200.0,12434.0,28900.0,2075.0,76.0,86.0
Peru,2020/05/03,45928.0,1286.0,13550.0,31092.0,3394.0,86.0,78.0
Peru,2020/05/04,47372.0,1344.0,14427.0,31601.0,1444.0,58.0,73.0
Peru,2020/05/05,51189.0,1444.0,15413.0,34332.0,3817.0,100.0,81.0
Peru,2020/05/06,54817.0,1533.0,17527.0,35757.0,3628.0,89.0,82.0
Peru,2020/05/07,58526.0,1627.0,18388.0,38511.0,3709.0,94.0,94.0
Peru,2020/05/08,61847.0,1714.0,19012.0,41121.0,3321.0,87.0,90.0
Peru,2020/05/09,65015.0,1814.0,20246.0,42955.0,3168.0,100.0,94.0
Peru,2020/05/10,67307.0,1889.0,21349.0,44069.0,2292.0,75.0,87.0
Peru,2020/05/11,68822.0,1961.0,22406.0,44455.0,1515.0,72.0,82.0
Peru,2020/05/12,72059.0,2057.0,23324.0,46678.0,3237.0,96.0,81.0
Peru,2020/05/13,76306.0,2169.0,24324.0,49813.0,4247.0,112.0,93.0
Peru,2020/05/14,80604.0,2267.0,25151.0,53186.0,4298.0,98.0,102.0
Peru,2020/05/15,84495.0,2392.0,27147.0,54956.0,3891.0,125.0,112.0
Peru,2020/05/16,88541.0,2523.0,28272.0,57746.0,4046.0,131.0,118.0
Peru,2020/05/17,92273.0,2648.0,28621.0,61004.0,3732.0,125.0,127.0
Peru,2020/05/18,94933.0,2789.0,30306.0,61838.0,2660.0,141.0,132.0
Peru,2020/05/19,99483.0,2914.0,36524.0,60045.0,4550.0,125.0,130.0
Peru,2020/05/20,104020.0,3024.0,41968.0,59028.0,4537.0,110.0,125.0
Peru,2020/05/21,108769.0,3148.0,43587.0,62034.0,4749.0,124.0,120.0
Peru,2020/05/22,111698.0,3244.0,44848.0,63606.0,2929.0,96.0,110.0
Peru,2020/05/23,115754.0,3373.0,47915.0,64466.0,4056.0,129.0,116.0
Peru,2020/05/24,119959.0,3456.0,49795.0,66708.0,4205.0,83.0,103.0
Peru,2020/05/25,123979.0,3629.0,50949.0,69401.0,4020.0,173.0,128.0
Peru,2020/05/26,129751.0,3788.0,52906.0,73057.0,5772.0,159.0,138.0
Peru,2020/05/27,135905.0,3983.0,56169.0,75753.0,6154.0,195.0,176.0
Peru,2020/05/28,141779.0,4099.0,59442.0,78238.0,5874.0,116.0,157.0
Peru,2020/05/29,141779.0,4099.0,62791.0,74889.0,0.0,0.0,104.0
Peru,2020/05/30,155671.0,4371.0,66447.0,84853.0,13892.0,272.0,129.0
Peru,2020/05/31,164476.0,4506.0,67208.0,92762.0,8805.0,135.0,136.0
Peru,2020/06/01,170039.0,4634.0,68507.0,96898.0,5563.0,128.0,178.0
Peru,2020/06/02,170039.0,4634.0,69257.0,96148.0,0.0,0.0,88.0
Peru,2020/06/03,178914.0,4894.0,72319.0,101701.0,8875.0,260.0,129.0
Peru,2020/06/04,183198.0,5031.0,76228.0,101939.0,4284.0,137.0,132.0
Russia,2020/01/22,0.0,0.0,0.0,0.0,0.0,0.0,0.0
Russia,2020/01/23,0.0,0.0,0.0,0.0,0.0,0.0,0.0
Russia,2020/01/24,0.0,0.0,0.0,0.0,0.0,0.0,0.0
Russia,2020/01/25,0.0,0.0,0.0,0.0,0.0,0.0,0.0
Russia,2020/01/26,0.0,0.0,0.0,0.0,0.0,0.0,0.0
Russia,2020/01/27,0.0,0.0,0.0,0.0,0.0,0.0,0.0
Russia,2020/01/28,0.0,0.0,0.0,0.0,0.0,0.0,0.0
Russia,2020/01/29,0.0,0.0,0.0,0.0,0.0,0.0,0.0
Russia,2020/01/30,0.0,0.0,0.0,0.0,0.0,0.0,0.0
Russia,2020/01/31,2.0,0.0,0.0,0.0,0.0,0.0,0.0
Russia,2020/02/01,2.0,0.0,0.0,2.0,0.0,0.0,0.0
Russia,2020/02/02,2.0,0.0,0.0,2.0,0.0,0.0,0.0
Russia,2020/02/03,2.0,0.0,0.0,2.0,0.0,0.0,0.0
Russia,2020/02/04,2.0,0.0,0.0,2.0,0.0,0.0,0.0
Russia,2020/02/05,2.0,0.0,0.0,2.0,0.0,0.0,0.0
Russia,2020/02/06,2.0,0.0,0.0,2.0,0.0,0.0,0.0
Russia,2020/02/07,2.0,0.0,0.0,2.0,0.0,0.0,0.0
Russia,2020/02/08,2.0,0.0,0.0,2.0,0.0,0.0,0.0
Russia,2020/02/09,2.0,0.0,0.0,2.0,0.0,0.0,0.0
Russia,2020/02/10,2.0,0.0,0.0,2.0,0.0,0.0,0.0
Russia,2020/02/11,2.0,0.0,0.0,2.0,0.0,0.0,0.0
Russia,2020/02/12,2.0,0.0,2.0,0.0,0.0,0.0,0.0
Russia,2020/02/13,2.0,0.0,2.0,0.0,0.0,0.0,0.0
Russia,2020/02/14,2.0,0.0,2.0,0.0,0.0,0.0,0.0
Russia,2020/02/15,2.0,0.0,2.0,0.0,0.0,0.0,0.0
Russia,2020/02/16,2.0,0.0,2.0,0.0,0.0,0.0,0.0
Russia,2020/02/17,2.0,0.0,2.0,0.0,0.0,0.0,0.0
Russia,2020/02/18,2.0,0.0,2.0,0.0,0.0,0.0,0.0
Russia,2020/02/19,2.0,0.0,2.0,0.0,0.0,0.0,0.0
Russia,2020/02/20,2.0,0.0,2.0,0.0,0.0,0.0,0.0
Russia,2020/02/21,2.0,0.0,2.0,0.0,0.0,0.0,0.0
Russia,2020/02/22,2.0,0.0,2.0,0.0,0.0,0.0,0.0
Russia,2020/02/23,2.0,0.0,2.0,0.0,0.0,0.0,0.0
Russia,2020/02/24,2.0,0.0,2.0,0.0,0.0,0.0,0.0
Russia,2020/02/25,2.0,0.0,2.0,0.0,0.0,0.0,0.0
Russia,2020/02/26,2.0,0.0,2.0,0.0,0.0,0.0,0.0
Russia,2020/02/27,2.0,0.0,2.0,0.0,0.0,0.0,0.0
Russia,2020/02/28,2.0,0.0,2.0,0.0,0.0,0.0,0.0
Russia,2020/02/29,2.0,0.0,2.0,0.0,0.0,0.0,0.0
Russia,2020/03/01,2.0,0.0,2.0,0.0,0.0,0.0,0.0
Russia,2020/03/02,3.0,0.0,2.0,1.0,1.0,0.0,0.0
Russia,2020/03/03,3.0,0.0,2.0,1.0,0.0,0.0,0.0
Russia,2020/03/04,3.0,0.0,2.0,1.0,0.0,0.0,0.0
Russia,2020/03/05,4.0,0.0,2.0,2.0,1.0,0.0,0.0
Russia,2020/03/06,13.0,0.0,2.0,11.0,9.0,0.0,0.0
Russia,2020/03/07,13.0,0.0,2.0,11.0,0.0,0.0,0.0
Russia,2020/03/08,17.0,0.0,3.0,14.0,4.0,0.0,0.0
Russia,2020/03/09,17.0,0.0,3.0,14.0,0.0,0.0,0.0
Russia,2020/03/10,0.0,0.0,0.0,0.0,0.0,0.0,0.0
Russia,2020/03/11,20.0,0.0,3.0,17.0,3.0,0.0,0.0
Russia,2020/03/12,28.0,0.0,3.0,25.0,8.0,0.0,0.0
Russia,2020/03/13,45.0,0.0,3.0,42.0,17.0,0.0,0.0
Russia,2020/03/14,59.0,0.0,8.0,51.0,14.0,0.0,0.0
Russia,2020/03/15,63.0,0.0,8.0,55.0,4.0,0.0,0.0
Russia,2020/03/16,90.0,0.0,8.0,82.0,27.0,0.0,0.0
Russia,2020/03/17,114.0,0.0,8.0,106.0,24.0,0.0,0.0
Russia,2020/03/18,147.0,0.0,8.0,139.0,33.0,0.0,0.0
Russia,2020/03/19,199.0,1.0,9.0,189.0,52.0,1.0,0.0
Russia,2020/03/20,253.0,1.0,9.0,243.0,54.0,0.0,0.0
Russia,2020/03/21,306.0,1.0,12.0,293.0,53.0,0.0,0.0
Russia,2020/03/22,367.0,1.0,16.0,350.0,61.0,0.0,0.0
Russia,2020/03/23,438.0,1.0,17.0,420.0,71.0,0.0,0.0
Russia,2020/03/24,495.0,1.0,22.0,472.0,57.0,0.0,0.0
Russia,2020/03/25,658.0,3.0,29.0,626.0,163.0,2.0,1.0
Russia,2020/03/26,840.0,3.0,38.0,799.0,182.0,0.0,1.0
Russia,2020/03/27,1036.0,4.0,45.0,987.0,196.0,1.0,1.0
Russia,2020/03/28,1264.0,4.0,49.0,1211.0,228.0,0.0,0.0
Russia,2020/03/29,1534.0,8.0,64.0,1462.0,270.0,4.0,2.0
Russia,2020/03/30,1836.0,9.0,66.0,1761.0,302.0,1.0,2.0
Russia,2020/03/31,2337.0,17.0,121.0,2199.0,501.0,8.0,4.0
Russia,2020/04/01,2777.0,24.0,190.0,2563.0,440.0,7.0,5.0
Russia,2020/04/02,3548.0,30.0,235.0,3283.0,771.0,6.0,7.0
Russia,2020/04/03,4149.0,34.0,281.0,3834.0,601.0,4.0,6.0
Russia,2020/04/04,4731.0,43.0,333.0,4355.0,582.0,9.0,6.0
Russia,2020/04/05,5389.0,45.0,355.0,4989.0,658.0,2.0,5.0
Russia,2020/04/06,6343.0,47.0,406.0,5890.0,954.0,2.0,4.0
Russia,2020/04/07,7497.0,58.0,494.0,6945.0,1154.0,11.0,5.0
Russia,2020/04/08,8672.0,63.0,580.0,8029.0,1175.0,5.0,6.0
Russia,2020/04/09,10131.0,76.0,698.0,9357.0,1459.0,13.0,10.0
Russia,2020/04/10,11917.0,94.0,795.0,11028.0,1786.0,18.0,12.0
Russia,2020/04/11,13584.0,106.0,1045.0,12433.0,1667.0,12.0,14.0
Russia,2020/04/12,15770.0,130.0,1291.0,14349.0,2186.0,24.0,18.0
Russia,2020/04/13,18328.0,148.0,1470.0,16710.0,2558.0,18.0,18.0
Russia,2020/04/14,21102.0,170.0,1694.0,19238.0,2774.0,22.0,21.0
Russia,2020/04/15,24490.0,198.0,1986.0,22306.0,3388.0,28.0,23.0
Russia,2020/04/16,27938.0,232.0,2304.0,25402.0,3448.0,34.0,28.0
Russia,2020/04/17,32008.0,273.0,2590.0,29145.0,4070.0,41.0,34.0
Russia,2020/04/18,36793.0,313.0,3057.0,33423.0,4785.0,40.0,38.0
Russia,2020/04/19,42853.0,361.0,3291.0,39201.0,6060.0,48.0,43.0
Russia,2020/04/20,47121.0,405.0,3446.0,43270.0,4268.0,44.0,44.0
Russia,2020/04/21,52763.0,456.0,3873.0,48434.0,5642.0,51.0,48.0
Russia,2020/04/22,57999.0,513.0,4420.0,53066.0,5236.0,57.0,51.0
Russia,2020/04/23,62773.0,555.0,4891.0,57327.0,4774.0,42.0,50.0
Russia,2020/04/24,68622.0,615.0,5568.0,62439.0,5849.0,60.0,53.0
Russia,2020/04/25,74588.0,681.0,6250.0,67657.0,5966.0,66.0,56.0
Russia,2020/04/26,80949.0,747.0,6767.0,73435.0,6361.0,66.0,64.0
Russia,2020/04/27,87147.0,794.0,7346.0,79007.0,6198.0,47.0,60.0
Russia,2020/04/28,93558.0,867.0,8456.0,84235.0,6411.0,73.0,62.0
Russia,2020/04/29,99399.0,972.0,10286.0,88141.0,5841.0,105.0,75.0
Russia,2020/04/30,106498.0,1073.0,11619.0,93806.0,7099.0,101.0,93.0
Russia,2020/05/01,114431.0,1169.0,13220.0,100042.0,7933.0,96.0,101.0
Russia,2020/05/02,124054.0,1222.0,15013.0,107819.0,9623.0,53.0,83.0
Russia,2020/05/03,134687.0,1280.0,16639.0,116768.0,10633.0,58.0,69.0
Russia,2020/05/04,145268.0,1356.0,18095.0,125817.0,10581.0,76.0,62.0
Russia,2020/05/05,155370.0,1451.0,19865.0,134054.0,10102.0,95.0,76.0
Russia,2020/05/06,165929.0,1537.0,21327.0,143065.0,10559.0,86.0,86.0
Russia,2020/05/07,177160.0,1625.0,23803.0,151732.0,11231.0,88.0,90.0
Russia,2020/05/08,187859.0,1723.0,26608.0,159528.0,10699.0,98.0,91.0
Russia,2020/05/09,198676.0,1827.0,31916.0,164933.0,10817.0,104.0,97.0
Russia,2020/05/10,209688.0,1915.0,34306.0,173467.0,11012.0,88.0,97.0
Russia,2020/05/11,221344.0,2009.0,39801.0,179534.0,11656.0,94.0,95.0
Russia,2020/05/12,232243.0,2116.0,43512.0,186615.0,10899.0,107.0,96.0
Russia,2020/05/13,242271.0,2212.0,48003.0,192056.0,10028.0,96.0,99.0
Russia,2020/05/14,252245.0,2305.0,53530.0,196410.0,9974.0,93.0,99.0
Russia,2020/05/15,262843.0,2418.0,58226.0,202199.0,10598.0,113.0,101.0
Russia,2020/05/16,272043.0,2537.0,63166.0,206340.0,9200.0,119.0,108.0
Russia,2020/05/17,281752.0,2631.0,67373.0,211748.0,9709.0,94.0,109.0
Russia,2020/05/18,290678.0,2722.0,70209.0,217747.0,8926.0,91.0,101.0
Russia,2020/05/19,299941.0,2837.0,76130.0,220974.0,9263.0,115.0,100.0
Russia,2020/05/20,308705.0,2972.0,85392.0,220341.0,8764.0,135.0,114.0
Russia,2020/05/21,317554.0,3099.0,92681.0,221774.0,8849.0,127.0,126.0
Russia,2020/05/22,326448.0,3249.0,99825.0,223374.0,8894.0,150.0,137.0
Russia,2020/05/23,335882.0,3388.0,107936.0,224558.0,9434.0,139.0,139.0
Russia,2020/05/24,344481.0,3541.0,113299.0,227641.0,8599.0,153.0,147.0
Russia,2020/05/25,353427.0,3633.0,118798.0,230996.0,8946.0,92.0,128.0
Russia,2020/05/26,362342.0,3807.0,131129.0,227406.0,8915.0,174.0,140.0
Russia,2020/05/27,370680.0,3968.0,142208.0,224504.0,8338.0,161.0,142.0
Russia,2020/05/28,379051.0,4142.0,150993.0,223916.0,8371.0,174.0,170.0
Russia,2020/05/29,387623.0,4374.0,159257.0,223992.0,8572.0,232.0,189.0
Russia,2020/05/30,396575.0,4555.0,167469.0,224551.0,8952.0,181.0,196.0
Russia,2020/05/31,405843.0,4693.0,171883.0,229267.0,9268.0,138.0,184.0
Russia,2020/06/01,414328.0,4849.0,175514.0,233965.0,8485.0,156.0,158.0
Russia,2020/06/02,423186.0,5031.0,186602.0,231553.0,8858.0,182.0,159.0
Russia,2020/06/03,431715.0,5208.0,195559.0,230948.0,8529.0,177.0,172.0
Russia,2020/06/04,440538.0,5376.0,204197.0,230965.0,8823.0,168.0,176.0
Spain,2020/01/22,0.0,0.0,0.0,0.0,0.0,0.0,0.0
Spain,2020/01/23,0.0,0.0,0.0,0.0,0.0,0.0,0.0
Spain,2020/01/24,0.0,0.0,0.0,0.0,0.0,0.0,0.0
Spain,2020/01/25,0.0,0.0,0.0,0.0,0.0,0.0,0.0
Spain,2020/01/26,0.0,0.0,0.0,0.0,0.0,0.0,0.0
Spain,2020/01/27,0.0,0.0,0.0,0.0,0.0,0.0,0.0
Spain,2020/01/28,0.0,0.0,0.0,0.0,0.0,0.0,0.0
Spain,2020/01/29,0.0,0.0,0.0,0.0,0.0,0.0,0.0
Spain,2020/01/30,0.0,0.0,0.0,0.0,0.0,0.0,0.0
Spain,2020/01/31,0.0,0.0,0.0,0.0,0.0,0.0,0.0
Spain,2020/02/01,1.0,0.0,0.0,1.0,0.0,0.0,0.0
Spain,2020/02/02,1.0,0.0,0.0,1.0,0.0,0.0,0.0
Spain,2020/02/03,1.0,0.0,0.0,1.0,0.0,0.0,0.0
Spain,2020/02/04,1.0,0.0,0.0,1.0,0.0,0.0,0.0
Spain,2020/02/05,1.0,0.0,0.0,1.0,0.0,0.0,0.0
Spain,2020/02/06,1.0,0.0,0.0,1.0,0.0,0.0,0.0
Spain,2020/02/07,1.0,0.0,0.0,1.0,0.0,0.0,0.0
Spain,2020/02/08,1.0,0.0,0.0,1.0,0.0,0.0,0.0
Spain,2020/02/09,2.0,0.0,0.0,2.0,1.0,0.0,0.0
Spain,2020/02/10,2.0,0.0,0.0,2.0,0.0,0.0,0.0
Spain,2020/02/11,2.0,0.0,0.0,2.0,0.0,0.0,0.0
Spain,2020/02/12,2.0,0.0,0.0,2.0,0.0,0.0,0.0
Spain,2020/02/13,2.0,0.0,0.0,2.0,0.0,0.0,0.0
Spain,2020/02/14,2.0,0.0,0.0,2.0,0.0,0.0,0.0
Spain,2020/02/15,2.0,0.0,2.0,0.0,0.0,0.0,0.0
Spain,2020/02/16,2.0,0.0,2.0,0.0,0.0,0.0,0.0
Spain,2020/02/17,2.0,0.0,2.0,0.0,0.0,0.0,0.0
Spain,2020/02/18,2.0,0.0,2.0,0.0,0.0,0.0,0.0
Spain,2020/02/19,2.0,0.0,2.0,0.0,0.0,0.0,0.0
Spain,2020/02/20,2.0,0.0,2.0,0.0,0.0,0.0,0.0
Spain,2020/02/21,2.0,0.0,2.0,0.0,0.0,0.0,0.0
Spain,2020/02/22,2.0,0.0,2.0,0.0,0.0,0.0,0.0
Spain,2020/02/23,2.0,0.0,2.0,0.0,0.0,0.0,0.0
Spain,2020/02/24,2.0,0.0,2.0,0.0,0.0,0.0,0.0
Spain,2020/02/25,6.0,0.0,2.0,4.0,4.0,0.0,0.0
Spain,2020/02/26,13.0,0.0,2.0,11.0,7.0,0.0,0.0
Spain,2020/02/27,15.0,0.0,2.0,13.0,2.0,0.0,0.0
Spain,2020/02/28,32.0,0.0,2.0,30.0,17.0,0.0,0.0
Spain,2020/02/29,45.0,0.0,2.0,43.0,13.0,0.0,0.0
Spain,2020/03/01,84.0,0.0,2.0,82.0,39.0,0.0,0.0
Spain,2020/03/02,120.0,0.0,2.0,118.0,36.0,0.0,0.0
Spain,2020/03/03,165.0,1.0,2.0,162.0,45.0,1.0,0.0
Spain,2020/03/04,222.0,2.0,2.0,218.0,57.0,1.0,1.0
Spain,2020/03/05,259.0,3.0,2.0,254.0,37.0,1.0,1.0
Spain,2020/03/06,400.0,5.0,2.0,393.0,141.0,2.0,1.0
Spain,2020/03/07,500.0,10.0,30.0,460.0,100.0,5.0,3.0
Spain,2020/03/08,673.0,17.0,30.0,626.0,173.0,7.0,5.0
Spain,2020/03/09,1073.0,28.0,32.0,1013.0,400.0,11.0,8.0
Spain,2020/03/10,1695.0,35.0,32.0,1628.0,622.0,7.0,8.0
Spain,2020/03/11,2277.0,54.0,183.0,2040.0,582.0,19.0,12.0
Spain,2020/03/12,2277.0,55.0,183.0,2039.0,0.0,1.0,9.0
Spain,2020/03/13,5232.0,133.0,193.0,4906.0,2955.0,78.0,33.0
Spain,2020/03/14,6391.0,195.0,517.0,5679.0,1159.0,62.0,47.0
Spain,2020/03/15,7798.0,289.0,517.0,6992.0,1407.0,94.0,78.0
Spain,2020/03/16,9942.0,342.0,530.0,9070.0,2144.0,53.0,70.0
Spain,2020/03/17,11748.0,533.0,1028.0,10187.0,1806.0,191.0,113.0
Spain,2020/03/18,13910.0,623.0,1081.0,12206.0,2162.0,90.0,111.0
Spain,2020/03/19,17963.0,830.0,1107.0,16026.0,4053.0,207.0,163.0
Spain,2020/03/20,20410.0,1043.0,1588.0,17779.0,2447.0,213.0,170.0
Spain,2020/03/21,25374.0,1375.0,2125.0,21874.0,4964.0,332.0,251.0
Spain,2020/03/22,28603.0,1756.0,2125.0,24722.0,3229.0,381.0,309.0
Spain,2020/03/23,35136.0,2311.0,3355.0,29470.0,6533.0,555.0,423.0
Spain,2020/03/24,39885.0,2808.0,3794.0,33283.0,4749.0,497.0,478.0
Spain,2020/03/25,49515.0,3647.0,5367.0,40501.0,9630.0,839.0,630.0
Spain,2020/03/26,57786.0,4365.0,7015.0,46406.0,8271.0,718.0,685.0
Spain,2020/03/27,65719.0,5138.0,9357.0,51224.0,7933.0,773.0,777.0
Spain,2020/03/28,73235.0,5982.0,12285.0,54968.0,7516.0,844.0,778.0
Spain,2020/03/29,80110.0,6803.0,14709.0,58598.0,6875.0,821.0,813.0
Spain,2020/03/30,87956.0,7716.0,16780.0,63460.0,7846.0,913.0,859.0
Spain,2020/03/31,95923.0,8464.0,19259.0,68200.0,7967.0,748.0,827.0
Spain,2020/04/01,104118.0,9387.0,22647.0,72084.0,8195.0,923.0,861.0
Spain,2020/04/02,112065.0,10348.0,26743.0,74974.0,7947.0,961.0,877.0
Spain,2020/04/03,119199.0,11198.0,30513.0,77488.0,7134.0,850.0,911.0
Spain,2020/04/04,126168.0,11947.0,34219.0,80002.0,6969.0,749.0,853.0
Spain,2020/04/05,131646.0,12641.0,38080.0,80925.0,5478.0,694.0,764.0
Spain,2020/04/06,136675.0,13341.0,40437.0,82897.0,5029.0,700.0,714.0
Spain,2020/04/07,141942.0,14045.0,43208.0,84689.0,5267.0,704.0,699.0
Spain,2020/04/08,148220.0,14792.0,48021.0,85407.0,6278.0,747.0,717.0
Spain,2020/04/09,153222.0,15447.0,52165.0,85610.0,5002.0,655.0,702.0
Spain,2020/04/10,158273.0,16081.0,55668.0,86524.0,5051.0,634.0,679.0
Spain,2020/04/11,163027.0,16606.0,59109.0,87312.0,4754.0,525.0,605.0
Spain,2020/04/12,166831.0,17209.0,62391.0,87231.0,3804.0,603.0,587.0
Spain,2020/04/13,170099.0,17756.0,64727.0,87616.0,3268.0,547.0,558.0
Spain,2020/04/14,172541.0,18056.0,67504.0,86981.0,2442.0,300.0,483.0
Spain,2020/04/15,177644.0,18708.0,70853.0,88083.0,5103.0,652.0,500.0
Spain,2020/04/16,184948.0,19315.0,74797.0,90836.0,7304.0,607.0,520.0
Spain,2020/04/17,190839.0,20002.0,74797.0,96040.0,5891.0,687.0,649.0
Spain,2020/04/18,191726.0,20043.0,74797.0,96886.0,887.0,41.0,445.0
Spain,2020/04/19,198674.0,20453.0,77357.0,100864.0,6948.0,410.0,379.0
Spain,2020/04/20,200210.0,20852.0,80587.0,98771.0,1536.0,399.0,283.0
Spain,2020/04/21,204178.0,21282.0,82514.0,100382.0,3968.0,430.0,413.0
Spain,2020/04/22,208389.0,21717.0,85915.0,100757.0,4211.0,435.0,421.0
Spain,2020/04/23,213024.0,22157.0,89250.0,101617.0,4635.0,440.0,435.0
Spain,2020/04/24,219764.0,22524.0,92355.0,104885.0,6740.0,367.0,414.0
Spain,2020/04/25,223759.0,22902.0,95708.0,105149.0,3995.0,378.0,395.0
Spain,2020/04/26,226629.0,23190.0,117727.0,85712.0,2870.0,288.0,344.0
Spain,2020/04/27,229422.0,23521.0,120832.0,85069.0,2793.0,331.0,332.0
Spain,2020/04/28,232128.0,23822.0,123903.0,84403.0,2706.0,301.0,307.0
Spain,2020/04/29,236899.0,24275.0,132929.0,79695.0,4771.0,453.0,362.0
Spain,2020/04/30,213435.0,24543.0,112050.0,76842.0,-23464.0,268.0,341.0
Spain,2020/05/01,213435.0,24543.0,112050.0,76842.0,0.0,0.0,240.0
Spain,2020/05/02,216582.0,25100.0,117248.0,74234.0,3147.0,557.0,275.0
Spain,2020/05/03,217466.0,25264.0,118902.0,73300.0,884.0,164.0,240.0
Spain,2020/05/04,218011.0,25428.0,121343.0,71240.0,545.0,164.0,295.0
Spain,2020/05/05,219329.0,25613.0,123486.0,70230.0,1318.0,185.0,171.0
Spain,2020/05/06,220325.0,25857.0,126002.0,68466.0,996.0,244.0,198.0
Spain,2020/05/07,221447.0,26070.0,128511.0,66866.0,1122.0,213.0,214.0
Spain,2020/05/08,222857.0,26299.0,131148.0,65410.0,1410.0,229.0,229.0
Spain,2020/05/09,223578.0,26478.0,133952.0,63148.0,721.0,179.0,207.0
Spain,2020/05/10,224350.0,26621.0,136166.0,61563.0,772.0,143.0,184.0
Spain,2020/05/11,227436.0,26744.0,137139.0,63553.0,3086.0,123.0,148.0
Spain,2020/05/12,228030.0,26920.0,138980.0,62130.0,594.0,176.0,147.0
Spain,2020/05/13,228691.0,27104.0,140823.0,60764.0,661.0,184.0,161.0
Spain,2020/05/14,229540.0,27321.0,143374.0,58845.0,849.0,217.0,192.0
Spain,2020/05/15,230183.0,27459.0,144783.0,57941.0,643.0,138.0,180.0
Spain,2020/05/16,230698.0,27563.0,146446.0,56689.0,515.0,104.0,153.0
Spain,2020/05/17,230698.0,27563.0,146446.0,56689.0,0.0,0.0,81.0
Spain,2020/05/18,231606.0,27709.0,150376.0,53521.0,908.0,146.0,83.0
Spain,2020/05/19,232037.0,27778.0,150376.0,53883.0,431.0,69.0,72.0
Spain,2020/05/20,232555.0,27888.0,150376.0,54291.0,518.0,110.0,108.0
Spain,2020/05/21,233037.0,27940.0,150376.0,54721.0,482.0,52.0,77.0
Spain,2020/05/22,234824.0,28628.0,150376.0,55820.0,1787.0,688.0,283.0
Spain,2020/05/23,235290.0,28678.0,150376.0,56236.0,466.0,50.0,263.0
Spain,2020/05/24,235772.0,28752.0,150376.0,56644.0,482.0,74.0,271.0
Spain,2020/05/25,235400.0,26834.0,150376.0,58190.0,-372.0,0.0,-598.0
Spain,2020/05/26,236259.0,27117.0,150376.0,58766.0,859.0,283.0,-520.0
Spain,2020/05/27,236259.0,27117.0,150376.0,58766.0,0.0,0.0,-545.0
Spain,2020/05/28,237906.0,27119.0,150376.0,60411.0,1647.0,2.0,95.0
Spain,2020/05/29,238564.0,27121.0,150376.0,61067.0,658.0,2.0,1.0
Spain,2020/05/30,239228.0,27125.0,150376.0,61727.0,664.0,4.0,3.0
Spain,2020/05/31,239479.0,27127.0,150376.0,61976.0,251.0,2.0,3.0
Spain,2020/06/01,239638.0,27127.0,150376.0,62135.0,159.0,0.0,2.0
Spain,2020/06/02,239932.0,27127.0,150376.0,62429.0,294.0,0.0,1.0
Spain,2020/06/03,240326.0,27128.0,150376.0,62822.0,394.0,1.0,0.0
Spain,2020/06/04,240660.0,27133.0,150376.0,63151.0,334.0,5.0,2.0
UK,2020/01/22,0.0,0.0,0.0,0.0,0.0,0.0,0.0
UK,2020/01/23,0.0,0.0,0.0,0.0,0.0,0.0,0.0
UK,2020/01/24,0.0,0.0,0.0,0.0,0.0,0.0,0.0
UK,2020/01/25,0.0,0.0,0.0,0.0,0.0,0.0,0.0
UK,2020/01/26,0.0,0.0,0.0,0.0,0.0,0.0,0.0
UK,2020/01/27,0.0,0.0,0.0,0.0,0.0,0.0,0.0
UK,2020/01/28,0.0,0.0,0.0,0.0,0.0,0.0,0.0
UK,2020/01/29,0.0,0.0,0.0,0.0,0.0,0.0,0.0
UK,2020/01/30,0.0,0.0,0.0,0.0,0.0,0.0,0.0
UK,2020/01/31,2.0,0.0,0.0,0.0,0.0,0.0,0.0
UK,2020/02/01,2.0,0.0,0.0,2.0,0.0,0.0,0.0
UK,2020/02/02,2.0,0.0,0.0,2.0,0.0,0.0,0.0
UK,2020/02/03,2.0,0.0,0.0,2.0,0.0,0.0,0.0
UK,2020/02/04,2.0,0.0,0.0,2.0,0.0,0.0,0.0
UK,2020/02/05,2.0,0.0,0.0,2.0,0.0,0.0,0.0
UK,2020/02/06,2.0,0.0,0.0,2.0,0.0,0.0,0.0
UK,2020/02/07,3.0,0.0,0.0,3.0,1.0,0.0,0.0
UK,2020/02/08,3.0,0.0,0.0,3.0,0.0,0.0,0.0
UK,2020/02/09,3.0,0.0,0.0,3.0,0.0,0.0,0.0
UK,2020/02/10,8.0,0.0,0.0,8.0,5.0,0.0,0.0
UK,2020/02/11,8.0,0.0,0.0,8.0,0.0,0.0,0.0
UK,2020/02/12,9.0,0.0,1.0,8.0,1.0,0.0,0.0
UK,2020/02/13,9.0,0.0,1.0,8.0,0.0,0.0,0.0
UK,2020/02/14,9.0,0.0,1.0,8.0,0.0,0.0,0.0
UK,2020/02/15,9.0,0.0,1.0,8.0,0.0,0.0,0.0
UK,2020/02/16,9.0,0.0,8.0,1.0,0.0,0.0,0.0
UK,2020/02/17,9.0,0.0,8.0,1.0,0.0,0.0,0.0
UK,2020/02/18,9.0,0.0,8.0,1.0,0.0,0.0,0.0
UK,2020/02/19,9.0,0.0,8.0,1.0,0.0,0.0,0.0
UK,2020/02/20,9.0,0.0,8.0,1.0,0.0,0.0,0.0
UK,2020/02/21,9.0,0.0,8.0,1.0,0.0,0.0,0.0
UK,2020/02/22,9.0,0.0,8.0,1.0,0.0,0.0,0.0
UK,2020/02/23,9.0,0.0,8.0,1.0,0.0,0.0,0.0
UK,2020/02/24,13.0,0.0,8.0,5.0,4.0,0.0,0.0
UK,2020/02/25,13.0,0.0,8.0,5.0,0.0,0.0,0.0
UK,2020/02/26,13.0,0.0,8.0,5.0,0.0,0.0,0.0
UK,2020/02/27,15.0,0.0,8.0,7.0,2.0,0.0,0.0
UK,2020/02/28,20.0,0.0,8.0,12.0,5.0,0.0,0.0
UK,2020/02/29,23.0,0.0,8.0,15.0,3.0,0.0,0.0
UK,2020/03/01,36.0,0.0,8.0,28.0,13.0,0.0,0.0
UK,2020/03/02,40.0,0.0,8.0,32.0,4.0,0.0,0.0
UK,2020/03/03,51.0,0.0,8.0,43.0,11.0,0.0,0.0
UK,2020/03/04,85.0,0.0,8.0,77.0,34.0,0.0,0.0
UK,2020/03/05,115.0,1.0,8.0,106.0,30.0,1.0,0.0
UK,2020/03/06,163.0,2.0,8.0,153.0,48.0,1.0,1.0
UK,2020/03/07,206.0,2.0,18.0,186.0,43.0,0.0,1.0
UK,2020/03/08,273.0,3.0,18.0,252.0,67.0,1.0,1.0
UK,2020/03/09,321.0,4.0,18.0,299.0,48.0,1.0,1.0
UK,2020/03/10,382.0,6.0,18.0,358.0,61.0,2.0,1.0
UK,2020/03/11,459.0,8.0,19.0,432.0,77.0,2.0,2.0
UK,2020/03/12,459.0,8.0,19.0,432.0,0.0,0.0,1.0
UK,2020/03/13,801.0,8.0,19.0,774.0,342.0,0.0,1.0
UK,2020/03/14,1143.0,21.0,19.0,1103.0,342.0,13.0,4.0
UK,2020/03/15,1144.0,21.0,19.0,1104.0,1.0,0.0,4.0
UK,2020/03/16,1551.0,56.0,21.0,1474.0,407.0,35.0,16.0
UK,2020/03/17,1960.0,56.0,53.0,1851.0,409.0,0.0,12.0
UK,2020/03/18,2642.0,72.0,67.0,2503.0,682.0,16.0,17.0
UK,2020/03/19,2716.0,138.0,67.0,2511.0,74.0,66.0,27.0
UK,2020/03/20,4014.0,178.0,67.0,3769.0,1298.0,40.0,41.0
UK,2020/03/21,5067.0,234.0,67.0,4766.0,1053.0,56.0,54.0
UK,2020/03/22,5741.0,282.0,95.0,5364.0,674.0,48.0,48.0
UK,2020/03/23,6726.0,336.0,140.0,6250.0,985.0,54.0,53.0
UK,2020/03/24,8164.0,423.0,140.0,7601.0,1438.0,87.0,63.0
UK,2020/03/25,9640.0,466.0,140.0,9034.0,1476.0,43.0,61.0
UK,2020/03/26,11812.0,580.0,150.0,11082.0,2172.0,114.0,81.0
UK,2020/03/27,14745.0,761.0,151.0,13833.0,2933.0,181.0,113.0
UK,2020/03/28,17312.0,1021.0,151.0,16140.0,2567.0,260.0,185.0
UK,2020/03/29,19780.0,1231.0,151.0,18398.0,2468.0,210.0,217.0
UK,2020/03/30,22453.0,1411.0,171.0,20871.0,2673.0,180.0,217.0
UK,2020/03/31,25481.0,1793.0,179.0,23509.0,3028.0,382.0,257.0
UK,2020/04/01,29865.0,2357.0,179.0,27329.0,4384.0,564.0,375.0
UK,2020/04/02,34173.0,2926.0,192.0,31055.0,4308.0,569.0,505.0
UK,2020/04/03,38689.0,3611.0,208.0,34870.0,4516.0,685.0,606.0
UK,2020/04/04,42477.0,4320.0,215.0,37942.0,3788.0,709.0,654.0
UK,2020/04/05,48436.0,4943.0,229.0,43264.0,5959.0,623.0,672.0
UK,2020/04/06,52279.0,5385.0,287.0,46607.0,3843.0,442.0,591.0
UK,2020/04/07,55949.0,6171.0,325.0,49453.0,3670.0,786.0,617.0
UK,2020/04/08,61474.0,7111.0,345.0,54018.0,5525.0,940.0,723.0
UK,2020/04/09,65872.0,7993.0,359.0,57520.0,4398.0,882.0,869.0
UK,2020/04/10,74605.0,8974.0,588.0,65043.0,8733.0,981.0,934.0
UK,2020/04/11,79874.0,9892.0,622.0,69360.0,5269.0,918.0,927.0
UK,2020/04/12,85206.0,10629.0,626.0,73951.0,5332.0,737.0,879.0
UK,2020/04/13,89570.0,11347.0,304.0,77919.0,4364.0,718.0,791.0
UK,2020/04/14,94845.0,12129.0,323.0,82393.0,5275.0,782.0,746.0
UK,2020/04/15,99483.0,12894.0,368.0,86221.0,4638.0,765.0,755.0
UK,2020/04/16,104145.0,13759.0,375.0,90011.0,4662.0,865.0,804.0
UK,2020/04/17,109769.0,14607.0,394.0,94768.0,5624.0,848.0,826.0
UK,2020/04/18,115314.0,15498.0,414.0,99402.0,5545.0,891.0,868.0
UK,2020/04/19,121172.0,16095.0,436.0,104641.0,5858.0,597.0,779.0
UK,2020/04/20,125856.0,16550.0,446.0,108860.0,4684.0,455.0,648.0
UK,2020/04/21,130172.0,17378.0,638.0,112156.0,4316.0,828.0,627.0
UK,2020/04/22,134638.0,18151.0,683.0,115804.0,4466.0,773.0,685.0
UK,2020/04/23,139246.0,18791.0,712.0,119743.0,4608.0,640.0,747.0
UK,2020/04/24,144640.0,19567.0,724.0,124349.0,5394.0,776.0,730.0
UK,2020/04/25,149569.0,20381.0,774.0,128414.0,4929.0,814.0,743.0
UK,2020/04/26,154037.0,20794.0,778.0,132465.0,4468.0,413.0,668.0
UK,2020/04/27,158348.0,21157.0,807.0,136384.0,4311.0,363.0,530.0
UK,2020/04/28,162350.0,21745.0,813.0,139792.0,4002.0,588.0,455.0
UK,2020/04/29,166441.0,26166.0,857.0,139418.0,4091.0,4421.0,1791.0
UK,2020/04/30,172481.0,26842.0,859.0,144780.0,6040.0,676.0,1895.0
UK,2020/05/01,178685.0,27583.0,892.0,150210.0,6204.0,741.0,1946.0
UK,2020/05/02,183500.0,28205.0,896.0,154399.0,4815.0,622.0,680.0
UK,2020/05/03,187842.0,28520.0,901.0,158421.0,4342.0,315.0,559.0
UK,2020/05/04,191832.0,28809.0,910.0,162113.0,3990.0,289.0,409.0
UK,2020/05/05,196243.0,29501.0,926.0,165816.0,4411.0,692.0,432.0
UK,2020/05/06,202359.0,30150.0,934.0,171275.0,6116.0,649.0,543.0
UK,2020/05/07,207977.0,30689.0,970.0,176318.0,5618.0,539.0,627.0
UK,2020/05/08,212629.0,31316.0,997.0,180316.0,4652.0,627.0,605.0
UK,2020/05/09,216525.0,31662.0,1001.0,183862.0,3896.0,346.0,504.0
UK,2020/05/10,220449.0,31930.0,1002.0,187517.0,3924.0,268.0,414.0
UK,2020/05/11,224332.0,32141.0,1015.0,191176.0,3883.0,211.0,275.0
UK,2020/05/12,227741.0,32769.0,1023.0,193949.0,3409.0,628.0,369.0
UK,2020/05/13,230985.0,33264.0,1032.0,196689.0,3244.0,495.0,445.0
UK,2020/05/14,234440.0,33693.0,1043.0,199704.0,3455.0,429.0,517.0
UK,2020/05/15,238004.0,34078.0,1047.0,202879.0,3564.0,385.0,436.0
UK,2020/05/16,241461.0,34546.0,1058.0,205857.0,3457.0,468.0,427.0
UK,2020/05/17,244995.0,34716.0,1058.0,209221.0,3534.0,170.0,341.0
UK,2020/05/18,247709.0,34876.0,1090.0,211743.0,2714.0,160.0,266.0
UK,2020/05/19,250138.0,35422.0,1099.0,213617.0,2429.0,546.0,292.0
UK,2020/05/20,249619.0,35786.0,1116.0,212717.0,-519.0,364.0,357.0
UK,2020/05/21,252246.0,36124.0,1134.0,214988.0,2627.0,338.0,416.0
UK,2020/05/22,255544.0,36475.0,1142.0,217927.0,3298.0,351.0,351.0
UK,2020/05/23,258504.0,36757.0,1149.0,220598.0,2960.0,282.0,324.0
UK,2020/05/24,260916.0,36875.0,1151.0,222890.0,2412.0,118.0,250.0
UK,2020/05/25,262547.0,36996.0,1161.0,224390.0,1631.0,121.0,174.0
UK,2020/05/26,266599.0,37130.0,1161.0,228308.0,4052.0,134.0,124.0
UK,2020/05/27,268619.0,37542.0,1166.0,229911.0,2020.0,412.0,222.0
UK,2020/05/28,270508.0,37919.0,1167.0,231422.0,1889.0,377.0,308.0
UK,2020/05/29,272607.0,38243.0,1172.0,233192.0,2099.0,324.0,371.0
UK,2020/05/30,274219.0,38458.0,1187.0,234574.0,1612.0,215.0,305.0
UK,2020/05/31,276156.0,38571.0,1190.0,236395.0,1937.0,113.0,217.0
UK,2020/06/01,277736.0,39127.0,1221.0,237388.0,1580.0,556.0,295.0
UK,2020/06/02,279392.0,39452.0,1224.0,238716.0,1656.0,325.0,331.0
UK,2020/06/03,281270.0,39811.0,1212.0,240247.0,1878.0,359.0,413.0
UK,2020/06/04,283079.0,39987.0,1219.0,241873.0,1809.0,176.0,287.0
US,2020/01/22,1.0,0.0,0.0,0.0,0.0,0.0,0.0
US,2020/01/23,1.0,0.0,0.0,0.0,0.0,0.0,0.0
US,2020/01/24,2.0,0.0,0.0,0.0,1.0,0.0,0.0
US,2020/01/25,2.0,0.0,0.0,0.0,0.0,0.0,0.0
US,2020/01/26,5.0,0.0,0.0,0.0,3.0,0.0,0.0
US,2020/01/27,5.0,0.0,0.0,0.0,0.0,0.0,0.0
US,2020/01/28,5.0,0.0,0.0,0.0,0.0,0.0,0.0
US,2020/01/29,5.0,0.0,0.0,0.0,0.0,0.0,0.0
US,2020/01/30,5.0,0.0,0.0,0.0,0.0,0.0,0.0
US,2020/01/31,6.0,0.0,0.0,0.0,1.0,0.0,0.0
US,2020/02/01,8.0,0.0,0.0,8.0,2.0,0.0,0.0
US,2020/02/02,8.0,0.0,0.0,8.0,0.0,0.0,0.0
US,2020/02/03,11.0,0.0,0.0,11.0,3.0,0.0,0.0
US,2020/02/04,11.0,0.0,0.0,11.0,0.0,0.0,0.0
US,2020/02/05,12.0,0.0,0.0,12.0,1.0,0.0,0.0
US,2020/02/06,12.0,0.0,0.0,12.0,0.0,0.0,0.0
US,2020/02/07,12.0,0.0,0.0,12.0,0.0,0.0,0.0
US,2020/02/08,12.0,0.0,0.0,12.0,0.0,0.0,0.0
US,2020/02/09,12.0,0.0,3.0,9.0,0.0,0.0,0.0
US,2020/02/10,12.0,0.0,3.0,9.0,0.0,0.0,0.0
US,2020/02/11,13.0,0.0,3.0,10.0,1.0,0.0,0.0
US,2020/02/12,13.0,0.0,3.0,10.0,0.0,0.0,0.0
US,2020/02/13,15.0,0.0,3.0,12.0,2.0,0.0,0.0
US,2020/02/14,15.0,0.0,3.0,12.0,0.0,0.0,0.0
US,2020/02/15,15.0,0.0,3.0,12.0,0.0,0.0,0.0
US,2020/02/16,15.0,0.0,3.0,12.0,0.0,0.0,0.0
US,2020/02/17,15.0,0.0,3.0,12.0,0.0,0.0,0.0
US,2020/02/18,15.0,0.0,3.0,12.0,0.0,0.0,0.0
US,2020/02/19,15.0,0.0,3.0,12.0,0.0,0.0,0.0
US,2020/02/20,15.0,0.0,3.0,12.0,0.0,0.0,0.0
US,2020/02/21,35.0,0.0,5.0,30.0,20.0,0.0,0.0
US,2020/02/22,35.0,0.0,5.0,30.0,0.0,0.0,0.0
US,2020/02/23,35.0,0.0,5.0,30.0,0.0,0.0,0.0
US,2020/02/24,53.0,0.0,5.0,48.0,18.0,0.0,0.0
US,2020/02/25,53.0,0.0,6.0,47.0,0.0,0.0,0.0
US,2020/02/26,59.0,0.0,6.0,53.0,6.0,0.0,0.0
US,2020/02/27,60.0,0.0,6.0,54.0,1.0,0.0,0.0
US,2020/02/28,62.0,0.0,7.0,55.0,2.0,0.0,0.0
US,2020/02/29,70.0,1.0,7.0,62.0,8.0,1.0,0.0
US,2020/03/01,76.0,1.0,7.0,68.0,6.0,0.0,0.0
US,2020/03/02,101.0,6.0,7.0,88.0,25.0,5.0,2.0
US,2020/03/03,122.0,7.0,8.0,107.0,21.0,1.0,2.0
US,2020/03/04,153.0,11.0,8.0,134.0,31.0,4.0,3.0
US,2020/03/05,221.0,12.0,8.0,201.0,68.0,1.0,2.0
US,2020/03/06,278.0,14.0,8.0,256.0,57.0,2.0,2.0
US,2020/03/07,417.0,17.0,8.0,392.0,139.0,3.0,2.0
US,2020/03/08,537.0,21.0,8.0,508.0,120.0,4.0,3.0
US,2020/03/09,605.0,22.0,8.0,575.0,68.0,1.0,3.0
US,2020/03/10,959.0,28.0,8.0,923.0,354.0,6.0,4.0
US,2020/03/11,1281.0,36.0,8.0,1237.0,322.0,8.0,5.0
US,2020/03/12,1663.0,40.0,12.0,1611.0,382.0,4.0,6.0
US,2020/03/13,2179.0,47.0,12.0,2120.0,516.0,7.0,6.0
US,2020/03/14,2726.0,54.0,12.0,2660.0,547.0,7.0,6.0
US,2020/03/15,3499.0,63.0,12.0,3424.0,773.0,9.0,8.0
US,2020/03/16,4632.0,85.0,17.0,4530.0,1133.0,22.0,13.0
US,2020/03/17,6421.0,108.0,17.0,6296.0,1789.0,23.0,18.0
US,2020/03/18,7786.0,118.0,106.0,7562.0,1365.0,10.0,18.0
US,2020/03/19,13680.0,200.0,108.0,13372.0,5894.0,82.0,38.0
US,2020/03/20,19101.0,244.0,147.0,18710.0,5421.0,44.0,45.0
US,2020/03/21,25514.0,307.0,171.0,25036.0,6413.0,63.0,63.0
US,2020/03/22,33848.0,427.0,0.0,33421.0,8334.0,120.0,76.0
US,2020/03/23,43663.0,552.0,0.0,43111.0,9815.0,125.0,103.0
US,2020/03/24,53736.0,706.0,348.0,52682.0,10073.0,154.0,133.0
US,2020/03/25,65778.0,942.0,361.0,64475.0,12042.0,236.0,172.0
US,2020/03/26,83836.0,1209.0,681.0,81946.0,18058.0,267.0,219.0
US,2020/03/27,101657.0,1581.0,869.0,99207.0,17821.0,372.0,292.0
US,2020/03/28,121465.0,2026.0,1072.0,118367.0,19808.0,445.0,361.0
US,2020/03/29,140909.0,2467.0,2665.0,135777.0,19444.0,441.0,419.0
US,2020/03/30,161831.0,2978.0,5644.0,153209.0,20922.0,511.0,466.0
US,2020/03/31,188172.0,3873.0,7024.0,177275.0,26341.0,895.0,616.0
US,2020/04/01,213372.0,4757.0,8474.0,200141.0,25200.0,884.0,763.0
US,2020/04/02,243599.0,5926.0,9001.0,228672.0,30227.0,1169.0,983.0
US,2020/04/03,275586.0,7087.0,9707.0,258792.0,31987.0,1161.0,1071.0
US,2020/04/04,308853.0,8407.0,14652.0,285794.0,33267.0,1320.0,1217.0
US,2020/04/05,337072.0,9619.0,17448.0,310005.0,28219.0,1212.0,1231.0
US,2020/04/06,366667.0,10783.0,19581.0,336303.0,29595.0,1164.0,1232.0
US,2020/04/07,396223.0,12722.0,21763.0,361738.0,29556.0,1939.0,1438.0
US,2020/04/08,429052.0,14695.0,23559.0,390798.0,32829.0,1973.0,1692.0
US,2020/04/09,461437.0,16478.0,25410.0,419549.0,32385.0,1783.0,1898.0
US,2020/04/10,496535.0,18586.0,28790.0,449159.0,35098.0,2108.0,1955.0
US,2020/04/11,526396.0,20462.0,31270.0,474664.0,29861.0,1876.0,1922.0
US,2020/04/12,555313.0,22019.0,32988.0,500306.0,28917.0,1557.0,1847.0
US,2020/04/13,580619.0,23528.0,43482.0,513609.0,25306.0,1509.0,1647.0
US,2020/04/14,607670.0,25831.0,47763.0,534076.0,27051.0,2303.0,1790.0
US,2020/04/15,636350.0,28325.0,52096.0,555929.0,28680.0,2494.0,2102.0
US,2020/04/16,667801.0,32916.0,54703.0,580182.0,31451.0,4591.0,3129.0
US,2020/04/17,699706.0,36773.0,58545.0,604388.0,31905.0,3857.0,3647.0
US,2020/04/18,732197.0,38664.0,64840.0,628693.0,32491.0,1891.0,3446.0
US,2020/04/19,759086.0,40661.0,70337.0,648088.0,26889.0,1997.0,2582.0
US,2020/04/20,784326.0,42094.0,72329.0,669903.0,25240.0,1433.0,1774.0
US,2020/04/21,811865.0,44444.0,75204.0,692217.0,27539.0,2350.0,1927.0
US,2020/04/22,840220.0,46622.0,77366.0,716232.0,28355.0,2178.0,1987.0
US,2020/04/23,869170.0,49954.0,80203.0,739013.0,28950.0,3332.0,2620.0
US,2020/04/24,905333.0,51949.0,99079.0,754305.0,36163.0,1995.0,2502.0
US,2020/04/25,938154.0,53755.0,100372.0,784027.0,32821.0,1806.0,2378.0
US,2020/04/26,965783.0,54881.0,106988.0,803914.0,27629.0,1126.0,1642.0
US,2020/04/27,988197.0,56259.0,111424.0,820514.0,22414.0,1378.0,1437.0
US,2020/04/28,1012582.0,58355.0,115936.0,838291.0,24385.0,2096.0,1533.0
US,2020/04/29,1039909.0,60967.0,120720.0,858222.0,27327.0,2612.0,2029.0
US,2020/04/30,1069424.0,62996.0,153947.0,852481.0,29515.0,2029.0,2246.0
US,2020/05/01,1103461.0,64943.0,164015.0,874503.0,34037.0,1947.0,2196.0
US,2020/05/02,1132539.0,66369.0,175382.0,890788.0,29078.0,1426.0,1801.0
US,2020/05/03,1158040.0,67682.0,180152.0,910206.0,25501.0,1313.0,1562.0
US,2020/05/04,1180375.0,68922.0,187180.0,924273.0,22335.0,1240.0,1326.0
US,2020/05/05,1204351.0,71064.0,189791.0,943496.0,23976.0,2142.0,1565.0
US,2020/05/06,1228603.0,73431.0,189910.0,965262.0,24252.0,2367.0,1916.0
US,2020/05/07,1257023.0,75662.0,195036.0,986325.0,28420.0,2231.0,2247.0
US,2020/05/08,1283929.0,77180.0,198993.0,1007756.0,26906.0,1518.0,2039.0
US,2020/05/09,1309550.0,78795.0,212534.0,1018221.0,25621.0,1615.0,1788.0
US,2020/05/10,1329260.0,79526.0,216169.0,1033565.0,19710.0,731.0,1288.0
US,2020/05/11,1347881.0,80682.0,232733.0,1034466.0,18621.0,1156.0,1167.0
US,2020/05/12,1369574.0,82376.0,230287.0,1056911.0,21693.0,1694.0,1194.0
US,2020/05/13,1390406.0,84119.0,243430.0,1062857.0,20832.0,1743.0,1531.0
US,2020/05/14,1417774.0,85898.0,246414.0,1085462.0,27368.0,1779.0,1739.0
US,2020/05/15,1442824.0,87530.0,250747.0,1104547.0,25050.0,1632.0,1718.0
US,2020/05/16,1467820.0,88754.0,268376.0,1110690.0,24996.0,1224.0,1545.0
US,2020/05/17,1486757.0,89562.0,272265.0,1124930.0,18937.0,808.0,1221.0
US,2020/05/18,1508308.0,90347.0,283178.0,1134783.0,21551.0,785.0,939.0
US,2020/05/19,1528568.0,91921.0,289392.0,1147255.0,20260.0,1574.0,1056.0
US,2020/05/20,1551853.0,93439.0,294312.0,1164102.0,23285.0,1518.0,1292.0
US,2020/05/21,1577147.0,94702.0,298418.0,1184027.0,25294.0,1263.0,1452.0
US,2020/05/22,1600937.0,95979.0,350135.0,1154823.0,23790.0,1277.0,1353.0
US,2020/05/23,1622612.0,97087.0,361239.0,1164286.0,21675.0,1108.0,1216.0
US,2020/05/24,1643246.0,97720.0,366736.0,1178790.0,20634.0,633.0,1006.0
US,2020/05/25,1662302.0,98220.0,379157.0,1184925.0,19056.0,500.0,747.0
US,2020/05/26,1680913.0,98913.0,384902.0,1197098.0,18611.0,693.0,609.0
US,2020/05/27,1699176.0,100418.0,391508.0,1207250.0,18263.0,1505.0,899.0
US,2020/05/28,1721753.0,101616.0,399991.0,1220146.0,22577.0,1198.0,1132.0
US,2020/05/29,1746019.0,102809.0,406446.0,1236764.0,24266.0,1193.0,1299.0
US,2020/05/30,1770165.0,103776.0,416461.0,1249928.0,24146.0,967.0,1119.0
US,2020/05/31,1790172.0,104381.0,444758.0,1241033.0,20007.0,605.0,922.0
US,2020/06/01,1811020.0,105149.0,458231.0,1247640.0,20848.0,768.0,780.0
US,2020/06/02,1831821.0,106180.0,463868.0,1261773.0,20801.0,1031.0,801.0
US,2020/06/03,1851520.0,107175.0,479258.0,1265087.0,19699.0,995.0,931.0
US,2020/06/04,1872660.0,108211.0,485002.0,1279447.0,21140.0,1036.0,1021.0
