country,date,confirmed,deaths,recovered,sick,new,deathsm1,deathsm3,deathsm7,confirmedm7,confirmedm3,new_deaths,new_deaths_3,new_deaths_7,new_deaths_sum7,new_3,new_sum7,estimation_dh,estimation_dl
Belgium,2020/01/22,,,,,,,,,,,,,,,,,,
Belgium,2020/01/23,,,,,,,,,,,,,,,,,,
Belgium,2020/01/24,,,,,,,,,,,,,,,,,,
Belgium,2020/01/25,,,,,,,,,,,,,,,,,,
Belgium,2020/01/26,,,,,,,,,,,,,,,,,,
Belgium,2020/01/27,,,,,,,,,,,,,,,,,,
Belgium,2020/01/28,,,,,,,,,,,,,,,,,,
Belgium,2020/01/29,,,,,,,,,,,,,,,,,,
Belgium,2020/01/30,,,,,,,,,,,,,,,,,,
Belgium,2020/01/31,,,,,,,,,,,,,,,,,,
Belgium,2020/02/01,,,,,,,,,,,,,,,,,,
Belgium,2020/02/02,,,,,,,,,,,,,,,,,,
Belgium,2020/02/03,,,,,,,,,,,,,,,,,,
Belgium,2020/02/04,1.0,0.0,0.0,1.0,,,,,,,,,,,,,0.0,0.0
Belgium,2020/02/05,1.0,0.0,0.0,1.0,0.0,0.0,,,,,0.0,,,,,,0.0,0.0
Belgium,2020/02/06,1.0,0.0,0.0,1.0,0.0,0.0,,,,,0.0,,,,,,0.0,0.0
Belgium,2020/02/07,1.0,0.0,0.0,1.0,0.0,0.0,0.0,,,1.0,0.0,0.0,,,0.0,,0.0,0.0
Belgium,2020/02/08,1.0,0.0,0.0,1.0,0.0,0.0,0.0,,,1.0,0.0,0.0,,,0.0,,0.0,0.0
Belgium,2020/02/09,1.0,0.0,0.0,1.0,0.0,0.0,0.0,,,1.0,0.0,0.0,0.0,,0.0,,0.0,0.0
Belgium,2020/02/10,1.0,0.0,0.0,1.0,0.0,0.0,0.0,,,1.0,0.0,0.0,0.0,,0.0,,0.0,0.0
Belgium,2020/02/11,1.0,0.0,0.0,1.0,0.0,0.0,0.0,0.0,1.0,1.0,0.0,0.0,0.0,0.0,0.0,0.0,0.0,0.0
Belgium,2020/02/12,1.0,0.0,0.0,1.0,0.0,0.0,0.0,0.0,1.0,1.0,0.0,0.0,0.0,0.0,0.0,0.0,0.0,0.0
Belgium,2020/02/13,1.0,0.0,0.0,1.0,0.0,0.0,0.0,0.0,1.0,1.0,0.0,0.0,0.0,0.0,0.0,0.0,0.0,0.0
Belgium,2020/02/14,1.0,0.0,0.0,1.0,0.0,0.0,0.0,0.0,1.0,1.0,0.0,0.0,0.0,0.0,0.0,0.0,0.0,0.0
Belgium,2020/02/15,1.0,0.0,0.0,1.0,0.0,0.0,0.0,0.0,1.0,1.0,0.0,0.0,0.0,0.0,0.0,0.0,0.0,0.0
Belgium,2020/02/16,1.0,0.0,0.0,1.0,0.0,0.0,0.0,0.0,1.0,1.0,0.0,0.0,0.0,0.0,0.0,0.0,0.0,0.0
Belgium,2020/02/17,1.0,0.0,1.0,0.0,0.0,0.0,0.0,0.0,1.0,1.0,0.0,0.0,0.0,0.0,0.0,0.0,0.0,0.0
Belgium,2020/02/18,1.0,0.0,1.0,0.0,0.0,0.0,0.0,0.0,1.0,1.0,0.0,0.0,0.0,0.0,0.0,0.0,0.0,0.0
Belgium,2020/02/19,1.0,0.0,1.0,0.0,0.0,0.0,0.0,0.0,1.0,1.0,0.0,0.0,0.0,0.0,0.0,0.0,0.0,0.0
Belgium,2020/02/20,1.0,0.0,1.0,0.0,0.0,0.0,0.0,0.0,1.0,1.0,0.0,0.0,0.0,0.0,0.0,0.0,0.0,0.0
Belgium,2020/02/21,1.0,0.0,1.0,0.0,0.0,0.0,0.0,0.0,1.0,1.0,0.0,0.0,0.0,0.0,0.0,0.0,429.0,0.0
Belgium,2020/02/22,1.0,0.0,1.0,0.0,0.0,0.0,0.0,0.0,1.0,1.0,0.0,0.0,0.0,0.0,0.0,0.0,429.0,0.0
Belgium,2020/02/23,1.0,0.0,1.0,0.0,0.0,0.0,0.0,0.0,1.0,1.0,0.0,0.0,0.0,0.0,0.0,0.0,429.0,0.0
Belgium,2020/02/24,1.0,0.0,1.0,0.0,0.0,0.0,0.0,0.0,1.0,1.0,0.0,0.0,0.0,0.0,0.0,0.0,571.0,0.0
Belgium,2020/02/25,1.0,0.0,1.0,0.0,0.0,0.0,0.0,0.0,1.0,1.0,0.0,0.0,0.0,0.0,0.0,0.0,571.0,0.0
Belgium,2020/02/26,1.0,0.0,1.0,0.0,0.0,0.0,0.0,0.0,1.0,1.0,0.0,0.0,0.0,0.0,0.0,0.0,714.0,0.0
Belgium,2020/02/27,1.0,0.0,1.0,0.0,0.0,0.0,0.0,0.0,1.0,1.0,0.0,0.0,0.0,0.0,0.0,0.0,1429.0,0.0
Belgium,2020/02/28,1.0,0.0,1.0,0.0,0.0,0.0,0.0,0.0,1.0,1.0,0.0,0.0,0.0,0.0,0.0,0.0,2000.0,0.0
Belgium,2020/02/29,1.0,0.0,1.0,0.0,0.0,0.0,0.0,0.0,1.0,1.0,0.0,0.0,0.0,0.0,0.0,0.0,3000.0,0.0
Belgium,2020/03/01,2.0,0.0,1.0,1.0,1.0,0.0,0.0,0.0,1.0,1.0,0.0,0.0,0.0,0.0,0.3333333333333333,1.0,5286.0,0.0
Belgium,2020/03/02,8.0,0.0,1.0,7.0,6.0,0.0,0.0,0.0,1.0,1.0,0.0,0.0,0.0,0.0,2.3333333333333335,7.0,9571.0,0.0
Belgium,2020/03/03,13.0,0.0,1.0,12.0,5.0,0.0,0.0,0.0,1.0,1.0,0.0,0.0,0.0,0.0,4.0,12.0,10714.0,130.0
Belgium,2020/03/04,23.0,0.0,1.0,22.0,10.0,0.0,0.0,0.0,1.0,2.0,0.0,0.0,0.0,0.0,7.0,22.0,12571.0,130.0
Belgium,2020/03/05,50.0,0.0,1.0,49.0,27.0,0.0,0.0,0.0,1.0,8.0,0.0,0.0,0.0,0.0,14.0,49.0,17429.0,130.0
Belgium,2020/03/06,109.0,0.0,1.0,108.0,59.0,0.0,0.0,0.0,1.0,13.0,0.0,0.0,0.0,0.0,32.0,108.0,25429.0,174.0
Belgium,2020/03/07,169.0,0.0,1.0,168.0,60.0,0.0,0.0,0.0,1.0,23.0,0.0,0.0,0.0,0.0,48.666666666666664,168.0,31429.0,174.0
Belgium,2020/03/08,200.0,0.0,1.0,199.0,31.0,0.0,0.0,0.0,2.0,50.0,0.0,0.0,0.0,0.0,50.0,198.0,41286.0,217.0
Belgium,2020/03/09,239.0,0.0,1.0,238.0,39.0,0.0,0.0,0.0,8.0,109.0,0.0,0.0,0.0,0.0,43.333333333333336,231.0,50429.0,435.0
Belgium,2020/03/10,267.0,0.0,1.0,266.0,28.0,0.0,0.0,0.0,13.0,169.0,0.0,0.0,0.0,0.0,32.666666666666664,254.0,61571.0,609.0
Belgium,2020/03/11,314.0,3.0,1.0,310.0,47.0,0.0,0.0,0.0,23.0,200.0,3.0,1.0,1.0,3.0,38.0,291.0,73286.0,913.0
Belgium,2020/03/12,314.0,3.0,1.0,310.0,0.0,3.0,0.0,0.0,50.0,239.0,0.0,1.0,1.0,3.0,25.0,264.0,100714.0,1609.0
Belgium,2020/03/13,559.0,3.0,1.0,555.0,245.0,3.0,0.0,0.0,109.0,267.0,0.0,1.0,1.0,3.0,97.33333333333333,450.0,118286.0,2913.0
Belgium,2020/03/14,689.0,4.0,1.0,684.0,130.0,3.0,3.0,0.0,169.0,314.0,1.0,0.0,1.0,4.0,125.0,520.0,144429.0,3261.0
Belgium,2020/03/15,886.0,4.0,1.0,881.0,197.0,4.0,3.0,0.0,200.0,314.0,0.0,0.0,1.0,4.0,190.66666666666666,686.0,163286.0,3826.0
Belgium,2020/03/16,1058.0,5.0,1.0,1052.0,172.0,4.0,3.0,0.0,239.0,559.0,1.0,1.0,0.0,5.0,166.33333333333334,819.0,,5304.0
Belgium,2020/03/17,1243.0,10.0,1.0,1232.0,185.0,5.0,4.0,0.0,267.0,689.0,5.0,2.0,1.0,10.0,184.66666666666666,976.0,,7739.0
Belgium,2020/03/18,1486.0,14.0,31.0,1441.0,243.0,10.0,4.0,3.0,314.0,886.0,4.0,3.0,2.0,11.0,200.0,1172.0,,9565.0
Belgium,2020/03/19,1795.0,21.0,31.0,1743.0,309.0,14.0,5.0,3.0,314.0,1058.0,7.0,5.0,3.0,18.0,245.66666666666666,1481.0,,12565.0
Belgium,2020/03/20,2257.0,37.0,1.0,2219.0,462.0,21.0,10.0,3.0,559.0,1243.0,16.0,9.0,7.0,34.0,338.0,1698.0,,15348.0
Belgium,2020/03/21,2815.0,67.0,263.0,2485.0,558.0,37.0,14.0,4.0,689.0,1486.0,30.0,18.0,12.0,63.0,443.0,2126.0,,18739.0
Belgium,2020/03/22,3401.0,75.0,263.0,3063.0,586.0,67.0,21.0,4.0,886.0,1795.0,8.0,18.0,13.0,71.0,535.3333333333334,2515.0,,22304.0
Belgium,2020/03/23,3743.0,88.0,401.0,3254.0,342.0,75.0,37.0,5.0,1058.0,2257.0,13.0,17.0,15.0,83.0,495.3333333333333,2685.0,,30652.0
Belgium,2020/03/24,4269.0,122.0,461.0,3686.0,526.0,88.0,67.0,10.0,1243.0,2815.0,34.0,18.0,20.0,112.0,484.6666666666667,3026.0,,36000.0
Belgium,2020/03/25,4937.0,178.0,547.0,4212.0,668.0,122.0,75.0,14.0,1486.0,3401.0,56.0,34.0,28.0,164.0,512.0,3451.0,,43957.0
Belgium,2020/03/26,6235.0,220.0,675.0,5340.0,1298.0,178.0,88.0,21.0,1795.0,3743.0,42.0,44.0,31.0,199.0,830.6666666666666,4440.0,,49696.0
Belgium,2020/03/27,7284.0,289.0,858.0,6137.0,1049.0,220.0,122.0,37.0,2257.0,4269.0,69.0,56.0,43.0,252.0,1005.0,5027.0,,
Belgium,2020/03/28,9134.0,353.0,1063.0,7718.0,1850.0,289.0,178.0,67.0,2815.0,4937.0,64.0,58.0,53.0,286.0,1399.0,6319.0,,
Belgium,2020/03/29,10836.0,431.0,1359.0,9046.0,1702.0,353.0,220.0,75.0,3401.0,6235.0,78.0,70.0,62.0,356.0,1533.6666666666667,7435.0,,
Belgium,2020/03/30,11899.0,513.0,1527.0,9859.0,1063.0,431.0,289.0,88.0,3743.0,7284.0,82.0,75.0,67.0,425.0,1538.3333333333333,8156.0,,
Belgium,2020/03/31,12775.0,705.0,1696.0,10374.0,876.0,513.0,353.0,122.0,4269.0,9134.0,192.0,117.0,97.0,583.0,1213.6666666666667,8506.0,,
Belgium,2020/04/01,13964.0,828.0,2132.0,11004.0,1189.0,705.0,431.0,178.0,4937.0,10836.0,123.0,132.0,108.0,650.0,1042.6666666666667,9027.0,,
Belgium,2020/04/02,15348.0,1011.0,2495.0,11842.0,1384.0,828.0,513.0,220.0,6235.0,11899.0,183.0,166.0,132.0,791.0,1149.6666666666667,9113.0,,
Belgium,2020/04/03,16770.0,1143.0,2872.0,12755.0,1422.0,1011.0,705.0,289.0,7284.0,12775.0,132.0,146.0,142.0,854.0,1331.6666666666667,9486.0,,
China-Hubei,2020/01/22,444.0,17.0,28.0,399.0,,,,,,,,,,,,,139143.0,7043.0
China-Hubei,2020/01/23,444.0,17.0,28.0,399.0,0.0,17.0,,,,,0.0,,,,,,152571.0,8870.0
China-Hubei,2020/01/24,549.0,24.0,31.0,494.0,105.0,17.0,,,,,7.0,,,,,,152571.0,10826.0
China-Hubei,2020/01/25,761.0,40.0,32.0,689.0,212.0,24.0,17.0,,,444.0,16.0,8.0,,,105.66666666666667,,187143.0,15217.0
China-Hubei,2020/01/26,1058.0,52.0,42.0,964.0,297.0,40.0,17.0,,,444.0,12.0,12.0,,,204.66666666666666,,208143.0,18000.0
China-Hubei,2020/01/27,1423.0,76.0,45.0,1302.0,365.0,52.0,24.0,,,549.0,24.0,17.0,12.0,,291.3333333333333,,228000.0,20826.0
China-Hubei,2020/01/28,3554.0,125.0,80.0,3349.0,2131.0,76.0,40.0,,,761.0,49.0,28.0,22.0,,931.0,,242286.0,23870.0
China-Hubei,2020/01/29,3554.0,125.0,88.0,3341.0,0.0,125.0,52.0,17.0,444.0,1058.0,0.0,24.0,20.0,108.0,832.0,3110.0,255571.0,26870.0
China-Hubei,2020/01/30,4903.0,162.0,90.0,4651.0,1349.0,125.0,76.0,17.0,444.0,1423.0,37.0,29.0,24.0,145.0,1160.0,4459.0,274429.0,30391.0
China-Hubei,2020/01/31,5806.0,204.0,141.0,5461.0,903.0,162.0,125.0,24.0,549.0,3554.0,42.0,26.0,30.0,180.0,750.6666666666666,5257.0,289857.0,33913.0
China-Hubei,2020/02/01,7153.0,249.0,168.0,6736.0,1347.0,204.0,125.0,40.0,761.0,3554.0,45.0,41.0,35.0,209.0,1199.6666666666667,6392.0,306286.0,37870.0
China-Hubei,2020/02/02,11177.0,350.0,295.0,10532.0,4024.0,249.0,162.0,52.0,1058.0,4903.0,101.0,63.0,45.0,298.0,2091.3333333333335,10119.0,306286.0,42348.0
China-Hubei,2020/02/03,13522.0,414.0,386.0,12722.0,2345.0,350.0,204.0,76.0,1423.0,5806.0,64.0,70.0,58.0,338.0,2572.0,12099.0,335143.0,46435.0
China-Hubei,2020/02/04,16678.0,479.0,522.0,15677.0,3156.0,414.0,249.0,125.0,3554.0,7153.0,65.0,77.0,63.0,354.0,3175.0,13124.0,335143.0,46435.0
China-Hubei,2020/02/05,19665.0,549.0,633.0,18483.0,2987.0,479.0,350.0,125.0,3554.0,11177.0,70.0,66.0,69.0,424.0,2829.3333333333335,16111.0,356429.0,56957.0
China-Hubei,2020/02/06,22112.0,618.0,817.0,20677.0,2447.0,549.0,414.0,162.0,4903.0,13522.0,69.0,68.0,74.0,456.0,2863.3333333333335,17209.0,366143.0,63348.0
China-Hubei,2020/02/07,24953.0,699.0,1115.0,23139.0,2841.0,618.0,479.0,204.0,5806.0,16678.0,81.0,73.0,70.0,495.0,2758.3333333333335,19147.0,373571.0,69391.0
China-Hubei,2020/02/08,27100.0,780.0,1439.0,24881.0,2147.0,699.0,549.0,249.0,7153.0,19665.0,81.0,77.0,73.0,531.0,2478.3333333333335,19947.0,377286.0,73739.0
China-Hubei,2020/02/09,29631.0,871.0,1795.0,26965.0,2531.0,780.0,618.0,350.0,11177.0,22112.0,91.0,84.0,78.0,521.0,2506.3333333333335,18454.0,383143.0,77783.0
China-Hubei,2020/02/10,31728.0,974.0,2222.0,28532.0,2097.0,871.0,699.0,414.0,13522.0,24953.0,103.0,92.0,85.0,560.0,2258.3333333333335,18206.0,389571.0,83522.0
China-Hubei,2020/02/11,33366.0,1068.0,2639.0,29659.0,1638.0,974.0,780.0,479.0,16678.0,27100.0,94.0,96.0,90.0,589.0,2088.6666666666665,16688.0,394429.0,88217.0
China-Hubei,2020/02/12,33366.0,1068.0,2686.0,29612.0,0.0,1068.0,871.0,549.0,19665.0,29631.0,0.0,66.0,74.0,519.0,1245.0,13701.0,400429.0,93217.0
China-Hubei,2020/02/13,48206.0,1310.0,3459.0,43437.0,14840.0,1068.0,974.0,618.0,22112.0,31728.0,242.0,112.0,106.0,692.0,5492.666666666667,26094.0,405000.0,93217.0
China-Hubei,2020/02/14,54406.0,1457.0,4774.0,48175.0,6200.0,1310.0,1068.0,699.0,24953.0,33366.0,147.0,130.0,117.0,758.0,7013.333333333333,29453.0,410143.0,102000.0
China-Hubei,2020/02/15,56249.0,1596.0,5623.0,49030.0,1843.0,1457.0,1068.0,780.0,27100.0,33366.0,139.0,176.0,124.0,816.0,7627.666666666667,29149.0,414571.0,102000.0
China-Hubei,2020/02/16,58182.0,1696.0,6639.0,49847.0,1933.0,1596.0,1310.0,871.0,29631.0,48206.0,100.0,129.0,126.0,825.0,3325.3333333333335,28551.0,418714.0,108478.0
China-Hubei,2020/02/17,59989.0,1789.0,7862.0,50338.0,1807.0,1696.0,1457.0,974.0,31728.0,54406.0,93.0,111.0,144.0,815.0,1861.0,28261.0,422714.0,111435.0
China-Hubei,2020/02/18,61682.0,1921.0,9128.0,50633.0,1693.0,1789.0,1596.0,1068.0,33366.0,56249.0,132.0,108.0,122.0,853.0,1811.0,28316.0,426571.0,113696.0
China-Hubei,2020/02/19,62031.0,2029.0,10337.0,49665.0,349.0,1921.0,1696.0,1068.0,33366.0,58182.0,108.0,111.0,114.0,961.0,1283.0,28665.0,429714.0,114826.0
China-Hubei,2020/02/20,62442.0,2144.0,11788.0,48510.0,411.0,2029.0,1789.0,1310.0,48206.0,59989.0,115.0,118.0,110.0,834.0,817.6666666666666,14236.0,432000.0,116609.0
China-Hubei,2020/02/21,62662.0,2144.0,11881.0,48637.0,220.0,2144.0,1921.0,1457.0,54406.0,61682.0,0.0,74.0,90.0,687.0,326.6666666666667,8256.0,435143.0,118565.0
China-Hubei,2020/02/22,64084.0,2346.0,15299.0,46439.0,1422.0,2144.0,2029.0,1596.0,56249.0,62031.0,202.0,106.0,111.0,750.0,684.3333333333334,7835.0,436571.0,120043.0
China-Hubei,2020/02/23,64084.0,2346.0,15343.0,46395.0,0.0,2346.0,2144.0,1696.0,58182.0,62442.0,0.0,67.0,85.0,650.0,547.3333333333334,5902.0,437429.0,121870.0
China-Hubei,2020/02/24,64287.0,2495.0,16748.0,45044.0,203.0,2346.0,2144.0,1789.0,59989.0,62662.0,149.0,117.0,93.0,706.0,541.6666666666666,4298.0,439286.0,123261.0
China-Hubei,2020/02/25,64786.0,2563.0,18971.0,43252.0,499.0,2495.0,2346.0,1921.0,61682.0,64084.0,68.0,72.0,84.0,642.0,234.0,3104.0,440714.0,124826.0
China-Hubei,2020/02/26,65187.0,2615.0,20969.0,41603.0,401.0,2563.0,2346.0,2029.0,62031.0,64084.0,52.0,90.0,94.0,586.0,367.6666666666667,3156.0,442714.0,126174.0
China-Hubei,2020/02/27,65596.0,2641.0,23383.0,39572.0,409.0,2615.0,2495.0,2144.0,62442.0,64287.0,26.0,49.0,59.0,497.0,436.3333333333333,3154.0,444429.0,127435.0
China-Hubei,2020/02/28,65914.0,2682.0,26403.0,36829.0,318.0,2641.0,2563.0,2144.0,62662.0,64786.0,41.0,40.0,67.0,538.0,376.0,3252.0,446000.0,128652.0
China-Hubei,2020/02/29,66337.0,2727.0,28993.0,34617.0,423.0,2682.0,2615.0,2346.0,64084.0,65187.0,45.0,37.0,46.0,381.0,383.3333333333333,2253.0,447143.0,129826.0
China-Hubei,2020/03/01,66907.0,2761.0,31536.0,32610.0,570.0,2727.0,2641.0,2346.0,64084.0,65596.0,34.0,40.0,40.0,415.0,437.0,2823.0,447571.0,130783.0
China-Hubei,2020/03/02,67103.0,2803.0,33934.0,30366.0,196.0,2761.0,2682.0,2495.0,64287.0,65914.0,42.0,40.0,38.0,308.0,396.3333333333333,2816.0,448429.0,131478.0
China-Hubei,2020/03/03,67217.0,2835.0,36208.0,28174.0,114.0,2803.0,2727.0,2563.0,64786.0,66337.0,32.0,36.0,39.0,272.0,293.3333333333333,2431.0,449143.0,132435.0
China-Hubei,2020/03/04,67332.0,2871.0,38557.0,25904.0,115.0,2835.0,2761.0,2615.0,65187.0,66907.0,36.0,37.0,38.0,256.0,141.66666666666666,2145.0,450429.0,132870.0
China-Hubei,2020/03/05,67466.0,2902.0,40592.0,23972.0,134.0,2871.0,2803.0,2641.0,65596.0,67103.0,31.0,33.0,35.0,261.0,121.0,1870.0,451429.0,133130.0
China-Hubei,2020/03/06,67592.0,2931.0,42033.0,22628.0,126.0,2902.0,2835.0,2682.0,65914.0,67217.0,29.0,32.0,34.0,249.0,125.0,1678.0,451857.0,133696.0
China-Hubei,2020/03/07,67666.0,2959.0,43500.0,21207.0,74.0,2931.0,2871.0,2727.0,66337.0,67332.0,28.0,29.0,31.0,232.0,111.33333333333333,1329.0,452714.0,134130.0
China-Hubei,2020/03/08,67707.0,2986.0,45235.0,19486.0,41.0,2959.0,2902.0,2761.0,66907.0,67466.0,27.0,28.0,30.0,225.0,80.33333333333333,800.0,453429.0,134739.0
China-Hubei,2020/03/09,67743.0,3008.0,46488.0,18247.0,36.0,2986.0,2931.0,2803.0,67103.0,67592.0,22.0,26.0,27.0,205.0,50.333333333333336,640.0,453857.0,135261.0
China-Hubei,2020/03/10,67760.0,3024.0,47743.0,16993.0,17.0,3008.0,2959.0,2835.0,67217.0,67666.0,16.0,22.0,24.0,189.0,31.333333333333332,543.0,454571.0,135739.0
China-Hubei,2020/03/11,67773.0,3046.0,49134.0,15593.0,13.0,3024.0,2986.0,2871.0,67332.0,67707.0,22.0,20.0,23.0,175.0,22.0,441.0,455143.0,136087.0
China-Hubei,2020/03/12,67781.0,3056.0,50318.0,14407.0,8.0,3046.0,3008.0,2902.0,67466.0,67743.0,10.0,16.0,19.0,154.0,12.666666666666666,315.0,455286.0,136217.0
China-Hubei,2020/03/13,67786.0,3062.0,51553.0,13171.0,5.0,3056.0,3024.0,2931.0,67592.0,67760.0,6.0,13.0,15.0,131.0,8.666666666666666,194.0,456143.0,136478.0
China-Hubei,2020/03/14,67790.0,3075.0,52960.0,11755.0,4.0,3062.0,3046.0,2959.0,67666.0,67773.0,13.0,10.0,13.0,116.0,5.666666666666667,124.0,457000.0,136696.0
China-Hubei,2020/03/15,67794.0,3085.0,54288.0,10421.0,4.0,3075.0,3056.0,2986.0,67707.0,67781.0,10.0,10.0,12.0,99.0,4.333333333333333,87.0,457571.0,137087.0
China-Hubei,2020/03/16,67798.0,3099.0,55142.0,9557.0,4.0,3085.0,3062.0,3008.0,67743.0,67786.0,14.0,12.0,11.0,91.0,4.0,55.0,,137391.0
China-Hubei,2020/03/17,67799.0,3111.0,56003.0,8685.0,1.0,3099.0,3075.0,3024.0,67760.0,67790.0,12.0,12.0,11.0,87.0,3.0,39.0,,137522.0
China-Hubei,2020/03/18,67800.0,3122.0,56927.0,7751.0,1.0,3111.0,3085.0,3046.0,67773.0,67794.0,11.0,12.0,12.0,76.0,2.0,27.0,,137783.0
China-Hubei,2020/03/19,67800.0,3130.0,57682.0,6988.0,0.0,3122.0,3099.0,3056.0,67781.0,67798.0,8.0,10.0,11.0,74.0,0.6666666666666666,19.0,,138000.0
China-Hubei,2020/03/20,67800.0,3133.0,58382.0,6285.0,0.0,3130.0,3111.0,3062.0,67786.0,67799.0,3.0,7.0,10.0,71.0,0.3333333333333333,14.0,,138130.0
China-Hubei,2020/03/21,67800.0,3139.0,58946.0,5715.0,0.0,3133.0,3122.0,3075.0,67790.0,67800.0,6.0,6.0,8.0,64.0,0.0,10.0,,138348.0
China-Hubei,2020/03/22,67800.0,3144.0,59433.0,5223.0,0.0,3139.0,3130.0,3085.0,67794.0,67800.0,5.0,5.0,7.0,59.0,0.0,6.0,,138522.0
China-Hubei,2020/03/23,67800.0,3153.0,59882.0,4765.0,0.0,3144.0,3133.0,3099.0,67798.0,67800.0,9.0,7.0,6.0,54.0,0.0,2.0,,138565.0
China-Hubei,2020/03/24,67801.0,3160.0,60324.0,4317.0,1.0,3153.0,3139.0,3111.0,67799.0,67800.0,7.0,7.0,6.0,49.0,0.3333333333333333,2.0,,138826.0
China-Hubei,2020/03/25,67801.0,3163.0,60811.0,3827.0,0.0,3160.0,3144.0,3122.0,67800.0,67800.0,3.0,6.0,6.0,41.0,0.3333333333333333,1.0,,139087.0
China-Hubei,2020/03/26,67801.0,3169.0,61201.0,3431.0,0.0,3163.0,3153.0,3130.0,67800.0,67800.0,6.0,5.0,6.0,39.0,0.3333333333333333,1.0,,139261.0
China-Hubei,2020/03/27,67801.0,3174.0,61732.0,2895.0,0.0,3169.0,3160.0,3133.0,67800.0,67801.0,5.0,5.0,6.0,41.0,0.0,1.0,,
China-Hubei,2020/03/28,67801.0,3177.0,62098.0,2526.0,0.0,3174.0,3163.0,3139.0,67800.0,67801.0,3.0,5.0,5.0,38.0,0.0,1.0,,
China-Hubei,2020/03/29,67801.0,3182.0,62570.0,2049.0,0.0,3177.0,3169.0,3144.0,67800.0,67801.0,5.0,4.0,4.0,38.0,0.0,1.0,,
China-Hubei,2020/03/30,67801.0,3186.0,62889.0,1726.0,0.0,3182.0,3174.0,3153.0,67800.0,67801.0,4.0,4.0,5.0,33.0,0.0,1.0,,
China-Hubei,2020/03/31,67801.0,3187.0,63153.0,1461.0,0.0,3186.0,3177.0,3160.0,67801.0,67801.0,1.0,3.0,4.0,27.0,0.0,0.0,,
China-Hubei,2020/04/01,67802.0,3193.0,63326.0,1283.0,1.0,3187.0,3182.0,3163.0,67801.0,67801.0,6.0,4.0,4.0,30.0,0.3333333333333333,1.0,,
China-Hubei,2020/04/02,67802.0,3199.0,63471.0,1132.0,0.0,3193.0,3186.0,3169.0,67801.0,67801.0,6.0,4.0,4.0,30.0,0.3333333333333333,1.0,,
China-Hubei,2020/04/03,67802.0,3203.0,63612.0,987.0,0.0,3199.0,3187.0,3174.0,67801.0,67801.0,4.0,5.0,4.0,29.0,0.3333333333333333,1.0,,
France,2020/01/22,,,,,,,,,,,,,,,,,,
France,2020/01/23,,,,,,,,,,,,,,,,,,
France,2020/01/24,2.0,0.0,0.0,0.0,,,,,,,,,,,,,0.0,0.0
France,2020/01/25,3.0,0.0,0.0,0.0,1.0,0.0,,,,,0.0,,,,,,0.0,0.0
France,2020/01/26,3.0,0.0,0.0,0.0,0.0,0.0,,,,,0.0,,,,,,0.0,0.0
France,2020/01/27,3.0,0.0,0.0,0.0,0.0,0.0,0.0,,,2.0,0.0,0.0,,,0.3333333333333333,,143.0,0.0
France,2020/01/28,4.0,0.0,0.0,0.0,1.0,0.0,0.0,,,3.0,0.0,0.0,,,0.3333333333333333,,143.0,0.0
France,2020/01/29,5.0,0.0,0.0,0.0,1.0,0.0,0.0,,,3.0,0.0,0.0,0.0,,0.6666666666666666,,143.0,0.0
France,2020/01/30,5.0,0.0,0.0,0.0,0.0,0.0,0.0,,,3.0,0.0,0.0,0.0,,0.6666666666666666,,143.0,0.0
France,2020/01/31,5.0,0.0,0.0,0.0,0.0,0.0,0.0,0.0,2.0,4.0,0.0,0.0,0.0,0.0,0.3333333333333333,3.0,143.0,0.0
France,2020/02/01,6.0,0.0,0.0,6.0,1.0,0.0,0.0,0.0,3.0,5.0,0.0,0.0,0.0,0.0,0.3333333333333333,3.0,143.0,0.0
France,2020/02/02,6.0,0.0,0.0,6.0,0.0,0.0,0.0,0.0,3.0,5.0,0.0,0.0,0.0,0.0,0.3333333333333333,3.0,143.0,0.0
France,2020/02/03,6.0,0.0,0.0,6.0,0.0,0.0,0.0,0.0,3.0,5.0,0.0,0.0,0.0,0.0,0.3333333333333333,3.0,143.0,0.0
France,2020/02/04,6.0,0.0,0.0,6.0,0.0,0.0,0.0,0.0,4.0,6.0,0.0,0.0,0.0,0.0,0.0,2.0,143.0,0.0
France,2020/02/05,6.0,0.0,0.0,6.0,0.0,0.0,0.0,0.0,5.0,6.0,0.0,0.0,0.0,0.0,0.0,1.0,143.0,0.0
France,2020/02/06,6.0,0.0,0.0,6.0,0.0,0.0,0.0,0.0,5.0,6.0,0.0,0.0,0.0,0.0,0.0,1.0,143.0,0.0
France,2020/02/07,6.0,0.0,0.0,6.0,0.0,0.0,0.0,0.0,5.0,6.0,0.0,0.0,0.0,0.0,0.0,1.0,286.0,43.0
France,2020/02/08,11.0,0.0,0.0,11.0,5.0,0.0,0.0,0.0,6.0,6.0,0.0,0.0,0.0,0.0,1.6666666666666667,5.0,286.0,43.0
France,2020/02/09,11.0,0.0,0.0,11.0,0.0,0.0,0.0,0.0,6.0,6.0,0.0,0.0,0.0,0.0,1.6666666666666667,5.0,286.0,43.0
France,2020/02/10,11.0,0.0,0.0,11.0,0.0,0.0,0.0,0.0,6.0,6.0,0.0,0.0,0.0,0.0,1.6666666666666667,5.0,286.0,43.0
France,2020/02/11,11.0,0.0,0.0,11.0,0.0,0.0,0.0,0.0,6.0,11.0,0.0,0.0,0.0,0.0,0.0,5.0,286.0,43.0
France,2020/02/12,11.0,0.0,2.0,9.0,0.0,0.0,0.0,0.0,6.0,11.0,0.0,0.0,0.0,0.0,0.0,5.0,429.0,43.0
France,2020/02/13,11.0,0.0,2.0,9.0,0.0,0.0,0.0,0.0,6.0,11.0,0.0,0.0,0.0,0.0,0.0,5.0,571.0,43.0
France,2020/02/14,11.0,0.0,2.0,9.0,0.0,0.0,0.0,0.0,6.0,11.0,0.0,0.0,0.0,0.0,0.0,5.0,571.0,43.0
France,2020/02/15,12.0,1.0,4.0,7.0,1.0,0.0,0.0,0.0,11.0,11.0,1.0,0.0,0.0,1.0,0.3333333333333333,1.0,857.0,43.0
France,2020/02/16,12.0,1.0,4.0,7.0,0.0,1.0,0.0,0.0,11.0,11.0,0.0,0.0,0.0,1.0,0.3333333333333333,1.0,1286.0,43.0
France,2020/02/17,12.0,1.0,4.0,7.0,0.0,1.0,0.0,0.0,11.0,11.0,0.0,0.0,0.0,1.0,0.3333333333333333,1.0,1571.0,43.0
France,2020/02/18,12.0,1.0,4.0,7.0,0.0,1.0,1.0,0.0,11.0,12.0,0.0,0.0,0.0,1.0,0.0,1.0,2714.0,87.0
France,2020/02/19,12.0,1.0,4.0,7.0,0.0,1.0,1.0,0.0,11.0,12.0,0.0,0.0,0.0,1.0,0.0,1.0,2714.0,87.0
France,2020/02/20,12.0,1.0,4.0,7.0,0.0,1.0,1.0,0.0,11.0,12.0,0.0,0.0,0.0,1.0,0.0,1.0,4714.0,87.0
France,2020/02/21,12.0,1.0,4.0,7.0,0.0,1.0,1.0,0.0,11.0,12.0,0.0,0.0,0.0,1.0,0.0,1.0,6857.0,87.0
France,2020/02/22,12.0,1.0,4.0,7.0,0.0,1.0,1.0,1.0,12.0,12.0,0.0,0.0,0.0,0.0,0.0,0.0,6857.0,87.0
France,2020/02/23,12.0,1.0,4.0,7.0,0.0,1.0,1.0,1.0,12.0,12.0,0.0,0.0,0.0,0.0,0.0,0.0,11286.0,130.0
France,2020/02/24,12.0,1.0,4.0,7.0,0.0,1.0,1.0,1.0,12.0,12.0,0.0,0.0,0.0,0.0,0.0,0.0,13000.0,174.0
France,2020/02/25,14.0,1.0,11.0,2.0,2.0,1.0,1.0,1.0,12.0,12.0,0.0,0.0,0.0,0.0,0.6666666666666666,2.0,13000.0,174.0
France,2020/02/26,18.0,2.0,11.0,5.0,4.0,1.0,1.0,1.0,12.0,12.0,1.0,0.0,0.0,1.0,2.0,6.0,21143.0,261.0
France,2020/02/27,38.0,2.0,11.0,25.0,20.0,2.0,1.0,1.0,12.0,12.0,0.0,0.0,0.0,1.0,8.666666666666666,26.0,21143.0,391.0
France,2020/02/28,57.0,2.0,11.0,44.0,19.0,2.0,1.0,1.0,12.0,14.0,0.0,0.0,0.0,1.0,14.333333333333334,45.0,21143.0,478.0
France,2020/02/29,100.0,2.0,12.0,86.0,43.0,2.0,2.0,1.0,12.0,18.0,0.0,0.0,0.0,1.0,27.333333333333332,88.0,34714.0,826.0
France,2020/03/01,130.0,2.0,12.0,116.0,30.0,2.0,2.0,1.0,12.0,38.0,0.0,0.0,0.0,1.0,30.666666666666668,118.0,64286.0,826.0
France,2020/03/02,191.0,3.0,12.0,176.0,61.0,2.0,2.0,1.0,12.0,57.0,1.0,0.0,0.0,2.0,44.666666666666664,179.0,80286.0,1435.0
France,2020/03/03,204.0,4.0,12.0,188.0,13.0,3.0,2.0,1.0,14.0,100.0,1.0,1.0,0.0,3.0,34.666666666666664,190.0,96571.0,2087.0
France,2020/03/04,285.0,4.0,12.0,269.0,81.0,4.0,2.0,2.0,18.0,130.0,0.0,1.0,0.0,2.0,51.666666666666664,267.0,123143.0,2087.0
France,2020/03/05,377.0,6.0,12.0,359.0,92.0,4.0,3.0,2.0,38.0,191.0,2.0,1.0,1.0,4.0,62.0,339.0,157429.0,3435.0
France,2020/03/06,653.0,9.0,12.0,632.0,276.0,6.0,4.0,2.0,57.0,204.0,3.0,2.0,1.0,7.0,149.66666666666666,596.0,190429.0,3957.0
France,2020/03/07,949.0,11.0,12.0,926.0,296.0,9.0,4.0,2.0,100.0,285.0,2.0,2.0,2.0,9.0,221.33333333333334,849.0,242571.0,3957.0
France,2020/03/08,1126.0,19.0,12.0,1095.0,177.0,11.0,6.0,2.0,130.0,377.0,8.0,4.0,3.0,17.0,249.66666666666666,996.0,285286.0,6435.0
France,2020/03/09,1209.0,19.0,12.0,1178.0,83.0,19.0,9.0,3.0,191.0,653.0,0.0,3.0,3.0,16.0,185.33333333333334,1018.0,331000.0,6435.0
France,2020/03/10,1784.0,33.0,12.0,1739.0,575.0,19.0,11.0,4.0,204.0,949.0,14.0,7.0,5.0,29.0,278.3333333333333,1580.0,373000.0,6435.0
France,2020/03/11,2284.0,48.0,12.0,2224.0,500.0,33.0,19.0,4.0,285.0,1126.0,15.0,10.0,8.0,44.0,386.0,1999.0,432857.0,10565.0
France,2020/03/12,2284.0,48.0,12.0,2224.0,0.0,48.0,19.0,6.0,377.0,1209.0,0.0,10.0,7.0,42.0,358.3333333333333,1907.0,504571.0,19565.0
France,2020/03/13,3667.0,79.0,12.0,3576.0,1383.0,48.0,33.0,9.0,653.0,1784.0,31.0,15.0,12.0,70.0,627.6666666666666,3014.0,577571.0,24435.0
France,2020/03/14,4480.0,91.0,12.0,4377.0,813.0,79.0,48.0,11.0,949.0,2284.0,12.0,14.0,14.0,80.0,732.0,3531.0,771143.0,29391.0
France,2020/03/15,4513.0,91.0,12.0,4410.0,33.0,91.0,48.0,19.0,1126.0,2284.0,0.0,14.0,12.0,72.0,743.0,3387.0,931429.0,37478.0
France,2020/03/16,6650.0,148.0,12.0,6490.0,2137.0,91.0,79.0,19.0,1209.0,3667.0,57.0,23.0,20.0,129.0,994.3333333333334,5441.0,,47913.0
France,2020/03/17,7683.0,148.0,12.0,7523.0,1033.0,148.0,91.0,33.0,1784.0,4480.0,0.0,19.0,20.0,115.0,1067.6666666666667,5899.0,,57957.0
France,2020/03/18,9052.0,148.0,12.0,8892.0,1369.0,148.0,91.0,48.0,2284.0,4513.0,0.0,19.0,14.0,100.0,1513.0,6768.0,,73826.0
France,2020/03/19,10886.0,243.0,12.0,10631.0,1834.0,148.0,148.0,48.0,2284.0,6650.0,95.0,32.0,30.0,195.0,1412.0,8602.0,,86826.0
France,2020/03/20,12632.0,450.0,12.0,12170.0,1746.0,243.0,148.0,79.0,3667.0,7683.0,207.0,101.0,72.0,371.0,1649.6666666666667,8965.0,,100739.0
France,2020/03/21,14308.0,562.0,12.0,13734.0,1676.0,450.0,148.0,91.0,4480.0,9052.0,112.0,138.0,83.0,471.0,1752.0,9828.0,,113522.0
France,2020/03/22,16214.0,676.0,2201.0,13337.0,1906.0,562.0,243.0,91.0,4513.0,10886.0,114.0,144.0,106.0,585.0,1776.0,11701.0,,131739.0
France,2020/03/23,20123.0,862.0,2207.0,17054.0,3909.0,676.0,450.0,148.0,6650.0,12632.0,186.0,137.0,143.0,714.0,2497.0,13473.0,,153565.0
France,2020/03/24,22622.0,1102.0,3288.0,18232.0,2499.0,862.0,562.0,148.0,7683.0,14308.0,240.0,180.0,172.0,954.0,2771.3333333333335,14939.0,,175783.0
France,2020/03/25,25600.0,1333.0,3907.0,20360.0,2978.0,1102.0,676.0,148.0,9052.0,16214.0,231.0,219.0,177.0,1185.0,3128.6666666666665,16548.0,,234696.0
France,2020/03/26,29551.0,1698.0,4955.0,22898.0,3951.0,1333.0,862.0,243.0,10886.0,20123.0,365.0,279.0,227.0,1455.0,3142.6666666666665,18665.0,,283478.0
France,2020/03/27,33402.0,1997.0,5707.0,25698.0,3851.0,1698.0,1102.0,450.0,12632.0,22622.0,299.0,298.0,264.0,1547.0,3593.3333333333335,20770.0,,
France,2020/03/28,38105.0,2317.0,5724.0,30064.0,4703.0,1997.0,1333.0,562.0,14308.0,25600.0,320.0,328.0,291.0,1755.0,4168.333333333333,23797.0,,
France,2020/03/29,40708.0,2611.0,7226.0,30871.0,2603.0,2317.0,1698.0,676.0,16214.0,29551.0,294.0,304.0,302.0,1935.0,3719.0,24494.0,,
France,2020/03/30,45170.0,3030.0,7964.0,34176.0,4462.0,2611.0,1997.0,862.0,20123.0,33402.0,419.0,344.0,339.0,2168.0,3922.6666666666665,25047.0,,
France,2020/03/31,52827.0,3532.0,9513.0,39782.0,7657.0,3030.0,2317.0,1102.0,22622.0,38105.0,502.0,405.0,367.0,2430.0,4907.333333333333,30205.0,,
France,2020/04/01,57749.0,4043.0,11053.0,42653.0,4922.0,3532.0,2611.0,1333.0,25600.0,40708.0,511.0,477.0,409.0,2710.0,5680.333333333333,32149.0,,
France,2020/04/02,59929.0,5398.0,12548.0,41983.0,2180.0,4043.0,3030.0,1698.0,29551.0,45170.0,1355.0,789.0,616.0,3700.0,4919.666666666667,30378.0,,
France,2020/04/03,65202.0,6520.0,14135.0,44547.0,5273.0,5398.0,3532.0,1997.0,33402.0,52827.0,1122.0,996.0,782.0,4523.0,4125.0,31800.0,,
Germany,2020/01/22,,,,,,,,,,,,,,,,,,
Germany,2020/01/23,,,,,,,,,,,,,,,,,,
Germany,2020/01/24,,,,,,,,,,,,,,,,,,
Germany,2020/01/25,,,,,,,,,,,,,,,,,,
Germany,2020/01/26,,,,,,,,,,,,,,,,,,
Germany,2020/01/27,,,,,,,,,,,,,,,,,,
Germany,2020/01/28,4.0,0.0,0.0,0.0,,,,,,,,,,,,,0.0,0.0
Germany,2020/01/29,4.0,0.0,0.0,0.0,0.0,0.0,,,,,0.0,,,,,,0.0,0.0
Germany,2020/01/30,4.0,0.0,0.0,0.0,0.0,0.0,,,,,0.0,,,,,,0.0,0.0
Germany,2020/01/31,5.0,0.0,0.0,0.0,1.0,0.0,0.0,,,4.0,0.0,0.0,,,0.3333333333333333,,0.0,0.0
Germany,2020/02/01,8.0,0.0,0.0,8.0,3.0,0.0,0.0,,,4.0,0.0,0.0,,,1.3333333333333333,,0.0,0.0
Germany,2020/02/02,10.0,0.0,0.0,10.0,2.0,0.0,0.0,,,4.0,0.0,0.0,0.0,,2.0,,0.0,0.0
Germany,2020/02/03,12.0,0.0,0.0,12.0,2.0,0.0,0.0,,,5.0,0.0,0.0,0.0,,2.3333333333333335,,0.0,0.0
Germany,2020/02/04,12.0,0.0,0.0,12.0,0.0,0.0,0.0,0.0,4.0,8.0,0.0,0.0,0.0,0.0,1.3333333333333333,8.0,0.0,0.0
Germany,2020/02/05,12.0,0.0,0.0,12.0,0.0,0.0,0.0,0.0,4.0,10.0,0.0,0.0,0.0,0.0,0.6666666666666666,8.0,0.0,0.0
Germany,2020/02/06,12.0,0.0,0.0,12.0,0.0,0.0,0.0,0.0,4.0,12.0,0.0,0.0,0.0,0.0,0.0,8.0,0.0,0.0
Germany,2020/02/07,13.0,0.0,0.0,13.0,1.0,0.0,0.0,0.0,5.0,12.0,0.0,0.0,0.0,0.0,0.3333333333333333,8.0,0.0,0.0
Germany,2020/02/08,13.0,0.0,0.0,13.0,0.0,0.0,0.0,0.0,8.0,12.0,0.0,0.0,0.0,0.0,0.3333333333333333,5.0,0.0,0.0
Germany,2020/02/09,14.0,0.0,0.0,14.0,1.0,0.0,0.0,0.0,10.0,12.0,0.0,0.0,0.0,0.0,0.6666666666666666,4.0,0.0,0.0
Germany,2020/02/10,14.0,0.0,0.0,14.0,0.0,0.0,0.0,0.0,12.0,13.0,0.0,0.0,0.0,0.0,0.3333333333333333,2.0,0.0,0.0
Germany,2020/02/11,16.0,0.0,0.0,16.0,2.0,0.0,0.0,0.0,12.0,13.0,0.0,0.0,0.0,0.0,1.0,4.0,0.0,0.0
Germany,2020/02/12,16.0,0.0,0.0,16.0,0.0,0.0,0.0,0.0,12.0,14.0,0.0,0.0,0.0,0.0,0.6666666666666666,4.0,0.0,0.0
Germany,2020/02/13,16.0,0.0,1.0,15.0,0.0,0.0,0.0,0.0,12.0,14.0,0.0,0.0,0.0,0.0,0.6666666666666666,4.0,0.0,0.0
Germany,2020/02/14,16.0,0.0,1.0,15.0,0.0,0.0,0.0,0.0,13.0,16.0,0.0,0.0,0.0,0.0,0.0,3.0,0.0,0.0
Germany,2020/02/15,16.0,0.0,1.0,15.0,0.0,0.0,0.0,0.0,13.0,16.0,0.0,0.0,0.0,0.0,0.0,3.0,0.0,0.0
Germany,2020/02/16,16.0,0.0,1.0,15.0,0.0,0.0,0.0,0.0,14.0,16.0,0.0,0.0,0.0,0.0,0.0,2.0,0.0,0.0
Germany,2020/02/17,16.0,0.0,1.0,15.0,0.0,0.0,0.0,0.0,14.0,16.0,0.0,0.0,0.0,0.0,0.0,2.0,0.0,0.0
Germany,2020/02/18,16.0,0.0,12.0,4.0,0.0,0.0,0.0,0.0,16.0,16.0,0.0,0.0,0.0,0.0,0.0,0.0,0.0,0.0
Germany,2020/02/19,16.0,0.0,12.0,4.0,0.0,0.0,0.0,0.0,16.0,16.0,0.0,0.0,0.0,0.0,0.0,0.0,286.0,0.0
Germany,2020/02/20,16.0,0.0,12.0,4.0,0.0,0.0,0.0,0.0,16.0,16.0,0.0,0.0,0.0,0.0,0.0,0.0,286.0,0.0
Germany,2020/02/21,16.0,0.0,14.0,2.0,0.0,0.0,0.0,0.0,16.0,16.0,0.0,0.0,0.0,0.0,0.0,0.0,429.0,0.0
Germany,2020/02/22,16.0,0.0,14.0,2.0,0.0,0.0,0.0,0.0,16.0,16.0,0.0,0.0,0.0,0.0,0.0,0.0,429.0,0.0
Germany,2020/02/23,16.0,0.0,14.0,2.0,0.0,0.0,0.0,0.0,16.0,16.0,0.0,0.0,0.0,0.0,0.0,0.0,1000.0,0.0
Germany,2020/02/24,16.0,0.0,14.0,2.0,0.0,0.0,0.0,0.0,16.0,16.0,0.0,0.0,0.0,0.0,0.0,0.0,1286.0,0.0
Germany,2020/02/25,17.0,0.0,14.0,3.0,1.0,0.0,0.0,0.0,16.0,16.0,0.0,0.0,0.0,0.0,0.3333333333333333,1.0,1571.0,0.0
Germany,2020/02/26,27.0,0.0,15.0,12.0,10.0,0.0,0.0,0.0,16.0,16.0,0.0,0.0,0.0,0.0,3.6666666666666665,11.0,2429.0,0.0
Germany,2020/02/27,46.0,0.0,16.0,30.0,19.0,0.0,0.0,0.0,16.0,16.0,0.0,0.0,0.0,0.0,10.0,30.0,3429.0,0.0
Germany,2020/02/28,48.0,0.0,16.0,32.0,2.0,0.0,0.0,0.0,16.0,17.0,0.0,0.0,0.0,0.0,10.333333333333334,32.0,4000.0,0.0
Germany,2020/02/29,79.0,0.0,16.0,63.0,31.0,0.0,0.0,0.0,16.0,27.0,0.0,0.0,0.0,0.0,17.333333333333332,63.0,6286.0,0.0
Germany,2020/03/01,130.0,0.0,16.0,114.0,51.0,0.0,0.0,0.0,16.0,46.0,0.0,0.0,0.0,0.0,28.0,114.0,9571.0,87.0
Germany,2020/03/02,159.0,0.0,16.0,143.0,29.0,0.0,0.0,0.0,16.0,48.0,0.0,0.0,0.0,0.0,37.0,143.0,12000.0,87.0
Germany,2020/03/03,196.0,0.0,16.0,180.0,37.0,0.0,0.0,0.0,17.0,79.0,0.0,0.0,0.0,0.0,39.0,179.0,13429.0,130.0
Germany,2020/03/04,262.0,0.0,16.0,246.0,66.0,0.0,0.0,0.0,27.0,130.0,0.0,0.0,0.0,0.0,44.0,235.0,17571.0,130.0
Germany,2020/03/05,482.0,0.0,16.0,466.0,220.0,0.0,0.0,0.0,46.0,159.0,0.0,0.0,0.0,0.0,107.66666666666667,436.0,22429.0,304.0
Germany,2020/03/06,670.0,0.0,17.0,653.0,188.0,0.0,0.0,0.0,48.0,196.0,0.0,0.0,0.0,0.0,158.0,622.0,29429.0,391.0
Germany,2020/03/07,799.0,0.0,18.0,781.0,129.0,0.0,0.0,0.0,79.0,262.0,0.0,0.0,0.0,0.0,179.0,720.0,38143.0,478.0
Germany,2020/03/08,1040.0,0.0,18.0,1022.0,241.0,0.0,0.0,0.0,130.0,482.0,0.0,0.0,0.0,0.0,186.0,910.0,48857.0,739.0
Germany,2020/03/09,1176.0,2.0,18.0,1156.0,136.0,0.0,0.0,0.0,159.0,670.0,2.0,1.0,0.0,2.0,168.66666666666666,1017.0,61857.0,1043.0
Germany,2020/03/10,1457.0,2.0,18.0,1437.0,281.0,2.0,0.0,0.0,196.0,799.0,0.0,1.0,0.0,2.0,219.33333333333334,1261.0,76143.0,1217.0
Germany,2020/03/11,1908.0,3.0,25.0,1880.0,451.0,2.0,0.0,0.0,262.0,1040.0,1.0,1.0,1.0,3.0,289.3333333333333,1646.0,92143.0,1913.0
Germany,2020/03/12,2078.0,3.0,25.0,2050.0,170.0,3.0,2.0,0.0,482.0,1176.0,0.0,0.0,1.0,3.0,300.6666666666667,1596.0,110714.0,2913.0
Germany,2020/03/13,3675.0,7.0,46.0,3622.0,1597.0,3.0,2.0,0.0,670.0,1457.0,4.0,2.0,1.0,7.0,739.3333333333334,3005.0,131429.0,3652.0
Germany,2020/03/14,4585.0,9.0,46.0,4530.0,910.0,7.0,3.0,0.0,799.0,1908.0,2.0,2.0,1.0,9.0,892.3333333333334,3786.0,158143.0,4087.0
Germany,2020/03/15,5795.0,11.0,46.0,5738.0,1210.0,9.0,3.0,0.0,1040.0,2078.0,2.0,3.0,2.0,11.0,1239.0,4755.0,182143.0,5348.0
Germany,2020/03/16,7272.0,17.0,67.0,7188.0,1477.0,11.0,7.0,2.0,1176.0,3675.0,6.0,3.0,3.0,15.0,1199.0,6096.0,,6826.0
Germany,2020/03/17,9257.0,24.0,67.0,9166.0,1985.0,17.0,9.0,2.0,1457.0,4585.0,7.0,5.0,4.0,22.0,1557.3333333333333,7800.0,,8957.0
Germany,2020/03/18,12327.0,28.0,105.0,12194.0,3070.0,24.0,11.0,3.0,1908.0,5795.0,4.0,6.0,4.0,25.0,2177.3333333333335,10419.0,,11609.0
Germany,2020/03/19,15320.0,44.0,113.0,15163.0,2993.0,28.0,17.0,3.0,2078.0,7272.0,16.0,9.0,7.0,41.0,2682.6666666666665,13242.0,,14870.0
Germany,2020/03/20,19848.0,67.0,180.0,19601.0,4528.0,44.0,24.0,7.0,3675.0,9257.0,23.0,14.0,11.0,60.0,3530.3333333333335,16173.0,,18826.0
Germany,2020/03/21,22213.0,84.0,233.0,21896.0,2365.0,67.0,28.0,9.0,4585.0,12327.0,17.0,19.0,13.0,75.0,3295.3333333333335,17628.0,,23174.0
Germany,2020/03/22,24873.0,94.0,266.0,24513.0,2660.0,84.0,44.0,11.0,5795.0,15320.0,10.0,17.0,14.0,83.0,3184.3333333333335,19078.0,,28043.0
Germany,2020/03/23,29056.0,123.0,453.0,28480.0,4183.0,94.0,67.0,17.0,7272.0,19848.0,29.0,19.0,19.0,106.0,3069.3333333333335,21784.0,,33696.0
Germany,2020/03/24,32986.0,157.0,3243.0,29586.0,3930.0,123.0,84.0,24.0,9257.0,22213.0,34.0,24.0,23.0,133.0,3591.0,23729.0,,40000.0
Germany,2020/03/25,37323.0,206.0,3547.0,33570.0,4337.0,157.0,94.0,28.0,12327.0,24873.0,49.0,37.0,28.0,178.0,4150.0,24996.0,,48130.0
Germany,2020/03/26,43938.0,267.0,5673.0,37998.0,6615.0,206.0,123.0,44.0,15320.0,29056.0,61.0,48.0,37.0,223.0,4960.666666666667,28618.0,,55435.0
Germany,2020/03/27,50871.0,342.0,6658.0,43871.0,6933.0,267.0,157.0,67.0,19848.0,32986.0,75.0,62.0,50.0,275.0,5961.666666666667,31023.0,,
Germany,2020/03/28,57695.0,433.0,8481.0,48781.0,6824.0,342.0,206.0,84.0,22213.0,37323.0,91.0,76.0,62.0,349.0,6790.666666666667,35482.0,,
Germany,2020/03/29,62095.0,533.0,9211.0,52351.0,4400.0,433.0,267.0,94.0,24873.0,43938.0,100.0,89.0,75.0,439.0,6052.333333333333,37222.0,,
Germany,2020/03/30,66885.0,645.0,13500.0,52740.0,4790.0,533.0,342.0,123.0,29056.0,50871.0,112.0,101.0,88.0,522.0,5338.0,37829.0,,
Germany,2020/03/31,71808.0,775.0,16100.0,54933.0,4923.0,645.0,433.0,157.0,32986.0,57695.0,130.0,114.0,102.0,618.0,4704.333333333333,38822.0,,
Germany,2020/04/01,77872.0,920.0,18700.0,58252.0,6064.0,775.0,533.0,206.0,37323.0,62095.0,145.0,129.0,116.0,714.0,5259.0,40549.0,,
Germany,2020/04/02,84794.0,1107.0,22440.0,61247.0,6922.0,920.0,645.0,267.0,43938.0,66885.0,187.0,154.0,135.0,840.0,5969.666666666667,40856.0,,
Germany,2020/04/03,91159.0,1275.0,24575.0,65309.0,6365.0,1107.0,775.0,342.0,50871.0,71808.0,168.0,167.0,148.0,933.0,6450.333333333333,40288.0,,
Iran,2020/01/22,,,,,,,,,,,,,,,,,,
Iran,2020/01/23,,,,,,,,,,,,,,,,,,
Iran,2020/01/24,,,,,,,,,,,,,,,,,,
Iran,2020/01/25,,,,,,,,,,,,,,,,,,
Iran,2020/01/26,,,,,,,,,,,,,,,,,,
Iran,2020/01/27,,,,,,,,,,,,,,,,,,
Iran,2020/01/28,,,,,,,,,,,,,,,,,,
Iran,2020/01/29,,,,,,,,,,,,,,,,,,
Iran,2020/01/30,,,,,,,,,,,,,,,,,,
Iran,2020/01/31,,,,,,,,,,,,,,,,,,
Iran,2020/02/01,,,,,,,,,,,,,,,,,,
Iran,2020/02/02,,,,,,,,,,,,,,,,,,
Iran,2020/02/03,,,,,,,,,,,,,,,,,,
Iran,2020/02/04,,,,,,,,,,,,,,,,,,
Iran,2020/02/05,,,,,,,,,,,,,,,,,,
Iran,2020/02/06,,,,,,,,,,,,,,,,,,
Iran,2020/02/07,,,,,,,,,,,,,,,,,,
Iran,2020/02/08,,,,,,,,,,,,,,,,,,
Iran,2020/02/09,,,,,,,,,,,,,,,,,,
Iran,2020/02/10,,,,,,,,,,,,,,,,,,
Iran,2020/02/11,,,,,,,,,,,,,,,,,,
Iran,2020/02/12,,,,,,,,,,,,,,,,,,
Iran,2020/02/13,,,,,,,,,,,,,,,,,,
Iran,2020/02/14,,,,,,,,,,,,,,,,,,
Iran,2020/02/15,,,,,,,,,,,,,,,,,,
Iran,2020/02/16,,,,,,,,,,,,,,,,,,
Iran,2020/02/17,,,,,,,,,,,,,,,,,,
Iran,2020/02/18,,,,,,,,,,,,,,,,,,
Iran,2020/02/19,2.0,2.0,0.0,0.0,,,,,,,,,,,,,33857.0,1130.0
Iran,2020/02/20,5.0,2.0,0.0,3.0,3.0,2.0,,,,,0.0,,,,,,41571.0,1478.0
Iran,2020/02/21,18.0,4.0,0.0,14.0,13.0,2.0,,,,,2.0,,,,,,50571.0,1870.0
Iran,2020/02/22,28.0,5.0,0.0,23.0,10.0,4.0,2.0,,,2.0,1.0,1.0,,,8.666666666666666,,61286.0,2348.0
Iran,2020/02/23,43.0,8.0,0.0,35.0,15.0,5.0,2.0,,,5.0,3.0,2.0,,,12.666666666666666,,73429.0,2870.0
Iran,2020/02/24,61.0,12.0,0.0,49.0,18.0,8.0,4.0,,,18.0,4.0,3.0,2.0,,14.333333333333334,,87286.0,3348.0
Iran,2020/02/25,95.0,16.0,0.0,79.0,34.0,12.0,5.0,,,28.0,4.0,4.0,3.0,,22.333333333333332,,103429.0,4000.0
Iran,2020/02/26,139.0,19.0,49.0,71.0,44.0,16.0,8.0,2.0,2.0,43.0,3.0,4.0,3.0,17.0,32.0,137.0,121857.0,4652.0
Iran,2020/02/27,245.0,26.0,49.0,170.0,106.0,19.0,12.0,2.0,5.0,61.0,7.0,5.0,4.0,24.0,61.333333333333336,240.0,141143.0,5391.0
Iran,2020/02/28,388.0,34.0,73.0,281.0,143.0,26.0,16.0,4.0,18.0,95.0,8.0,6.0,5.0,30.0,97.66666666666667,370.0,162143.0,6304.0
Iran,2020/02/29,593.0,43.0,123.0,427.0,205.0,34.0,19.0,5.0,28.0,139.0,9.0,8.0,6.0,38.0,151.33333333333334,565.0,183429.0,8435.0
Iran,2020/03/01,978.0,54.0,175.0,749.0,385.0,43.0,26.0,8.0,43.0,245.0,11.0,9.0,8.0,46.0,244.33333333333334,935.0,204714.0,10304.0
Iran,2020/03/02,1501.0,66.0,291.0,1144.0,523.0,54.0,34.0,12.0,61.0,388.0,12.0,11.0,9.0,54.0,371.0,1440.0,222286.0,12652.0
Iran,2020/03/03,2336.0,77.0,291.0,1968.0,835.0,66.0,43.0,16.0,95.0,593.0,11.0,11.0,10.0,61.0,581.0,2241.0,240714.0,15391.0
Iran,2020/03/04,2922.0,92.0,552.0,2278.0,586.0,77.0,54.0,19.0,139.0,978.0,15.0,13.0,12.0,73.0,648.0,2783.0,258857.0,18652.0
Iran,2020/03/05,3513.0,107.0,739.0,2667.0,591.0,92.0,66.0,26.0,245.0,1501.0,15.0,14.0,13.0,81.0,670.6666666666666,3268.0,276286.0,22348.0
Iran,2020/03/06,4747.0,124.0,913.0,3710.0,1234.0,107.0,77.0,34.0,388.0,2336.0,17.0,16.0,14.0,90.0,803.6666666666666,4359.0,296714.0,26565.0
Iran,2020/03/07,5823.0,145.0,1669.0,4009.0,1076.0,124.0,92.0,43.0,593.0,2922.0,21.0,18.0,16.0,102.0,967.0,5230.0,319143.0,31478.0
Iran,2020/03/08,6566.0,194.0,2134.0,4238.0,743.0,145.0,107.0,54.0,978.0,3513.0,49.0,29.0,23.0,140.0,1017.6666666666666,5588.0,339714.0,37087.0
Iran,2020/03/09,7161.0,237.0,2394.0,4530.0,595.0,194.0,124.0,66.0,1501.0,4747.0,43.0,38.0,29.0,171.0,804.6666666666666,5660.0,359571.0,42957.0
Iran,2020/03/10,8042.0,291.0,2731.0,5020.0,881.0,237.0,145.0,77.0,2336.0,5823.0,54.0,49.0,37.0,214.0,739.6666666666666,5706.0,377143.0,49348.0
Iran,2020/03/11,9000.0,354.0,2959.0,5687.0,958.0,291.0,194.0,92.0,2922.0,6566.0,63.0,53.0,46.0,262.0,811.3333333333334,6078.0,393857.0,55826.0
Iran,2020/03/12,10075.0,429.0,2959.0,6687.0,1075.0,354.0,237.0,107.0,3513.0,7161.0,75.0,64.0,57.0,322.0,971.3333333333334,6562.0,414000.0,62304.0
Iran,2020/03/13,11364.0,514.0,2959.0,7891.0,1289.0,429.0,291.0,124.0,4747.0,8042.0,85.0,74.0,64.0,390.0,1107.3333333333333,6617.0,433714.0,67652.0
Iran,2020/03/14,12729.0,611.0,2959.0,9159.0,1365.0,514.0,354.0,145.0,5823.0,9000.0,97.0,86.0,75.0,466.0,1243.0,6906.0,451429.0,73261.0
Iran,2020/03/15,13938.0,724.0,4590.0,8624.0,1209.0,611.0,429.0,194.0,6566.0,10075.0,113.0,98.0,87.0,530.0,1287.6666666666667,7372.0,470571.0,78783.0
Iran,2020/03/16,14991.0,853.0,4590.0,9548.0,1053.0,724.0,514.0,237.0,7161.0,11364.0,129.0,113.0,100.0,616.0,1209.0,7830.0,,84087.0
Iran,2020/03/17,16169.0,988.0,5389.0,9792.0,1178.0,853.0,611.0,291.0,8042.0,12729.0,135.0,126.0,112.0,697.0,1146.6666666666667,8127.0,,90304.0
Iran,2020/03/18,17361.0,1135.0,5389.0,10837.0,1192.0,988.0,724.0,354.0,9000.0,13938.0,147.0,137.0,124.0,781.0,1141.0,8361.0,,97130.0
Iran,2020/03/19,18407.0,1284.0,5710.0,11413.0,1046.0,1135.0,853.0,429.0,10075.0,14991.0,149.0,144.0,135.0,855.0,1138.6666666666667,8332.0,,103391.0
Iran,2020/03/20,19644.0,1433.0,6745.0,11466.0,1237.0,1284.0,988.0,514.0,11364.0,16169.0,149.0,148.0,142.0,919.0,1158.3333333333333,8280.0,,109435.0
Iran,2020/03/21,20610.0,1556.0,7635.0,11419.0,966.0,1433.0,1135.0,611.0,12729.0,17361.0,123.0,140.0,141.0,945.0,1083.0,7881.0,,114783.0
Iran,2020/03/22,21638.0,1685.0,7635.0,12318.0,1028.0,1556.0,1284.0,724.0,13938.0,18407.0,129.0,134.0,139.0,961.0,1077.0,7700.0,,119870.0
Iran,2020/03/23,23049.0,1812.0,8376.0,12861.0,1411.0,1685.0,1433.0,853.0,14991.0,19644.0,127.0,126.0,135.0,959.0,1135.0,8058.0,,126000.0
Iran,2020/03/24,24811.0,1934.0,8913.0,13964.0,1762.0,1812.0,1556.0,988.0,16169.0,20610.0,122.0,126.0,130.0,946.0,1400.3333333333333,8642.0,,132000.0
Iran,2020/03/25,27017.0,2077.0,9625.0,15315.0,2206.0,1934.0,1685.0,1135.0,17361.0,21638.0,143.0,131.0,129.0,942.0,1793.0,9656.0,,137391.0
Iran,2020/03/26,29406.0,2234.0,10457.0,16715.0,2389.0,2077.0,1812.0,1284.0,18407.0,23049.0,157.0,141.0,136.0,950.0,2119.0,10999.0,,143217.0
Iran,2020/03/27,32332.0,2378.0,11133.0,18821.0,2926.0,2234.0,1934.0,1433.0,19644.0,24811.0,144.0,148.0,139.0,945.0,2507.0,12688.0,,
Iran,2020/03/28,35408.0,2517.0,11679.0,21212.0,3076.0,2378.0,2077.0,1556.0,20610.0,27017.0,139.0,147.0,141.0,961.0,2797.0,14798.0,,
Iran,2020/03/29,38309.0,2640.0,12391.0,23278.0,2901.0,2517.0,2234.0,1685.0,21638.0,29406.0,123.0,135.0,141.0,955.0,2967.6666666666665,16671.0,,
Iran,2020/03/30,41495.0,2757.0,13911.0,24827.0,3186.0,2640.0,2378.0,1812.0,23049.0,32332.0,117.0,126.0,136.0,945.0,3054.3333333333335,18446.0,,
Iran,2020/03/31,44605.0,2898.0,14656.0,27051.0,3110.0,2757.0,2517.0,1934.0,24811.0,35408.0,141.0,127.0,133.0,964.0,3065.6666666666665,19794.0,,
Iran,2020/04/01,47593.0,3036.0,15473.0,29084.0,2988.0,2898.0,2640.0,2077.0,27017.0,38309.0,138.0,132.0,132.0,959.0,3094.6666666666665,20576.0,,
Iran,2020/04/02,50468.0,3160.0,16711.0,30597.0,2875.0,3036.0,2757.0,2234.0,29406.0,41495.0,124.0,134.0,129.0,926.0,2991.0,21062.0,,
Iran,2020/04/03,53183.0,3294.0,17935.0,31954.0,2715.0,3160.0,2898.0,2378.0,32332.0,44605.0,134.0,132.0,131.0,916.0,2859.3333333333335,20851.0,,
Italy,2020/01/22,,,,,,,,,,,,,,,,,,
Italy,2020/01/23,,,,,,,,,,,,,,,,,,
Italy,2020/01/24,,,,,,,,,,,,,,,,,,
Italy,2020/01/25,,,,,,,,,,,,,,,,,,
Italy,2020/01/26,,,,,,,,,,,,,,,,,,
Italy,2020/01/27,,,,,,,,,,,,,,,,,,
Italy,2020/01/28,,,,,,,,,,,,,,,,,,
Italy,2020/01/29,,,,,,,,,,,,,,,,,,
Italy,2020/01/30,,,,,,,,,,,,,,,,,,
Italy,2020/01/31,2.0,0.0,0.0,0.0,,,,,,,,,,,,,0.0,0.0
Italy,2020/02/01,2.0,0.0,0.0,2.0,0.0,0.0,,,,,0.0,,,,,,0.0,0.0
Italy,2020/02/02,2.0,0.0,0.0,2.0,0.0,0.0,,,,,0.0,,,,,,143.0,0.0
Italy,2020/02/03,2.0,0.0,0.0,2.0,0.0,0.0,0.0,,,2.0,0.0,0.0,,,0.0,,286.0,0.0
Italy,2020/02/04,2.0,0.0,0.0,2.0,0.0,0.0,0.0,,,2.0,0.0,0.0,,,0.0,,429.0,0.0
Italy,2020/02/05,2.0,0.0,0.0,2.0,0.0,0.0,0.0,,,2.0,0.0,0.0,0.0,,0.0,,1000.0,0.0
Italy,2020/02/06,2.0,0.0,0.0,2.0,0.0,0.0,0.0,,,2.0,0.0,0.0,0.0,,0.0,,1429.0,0.0
Italy,2020/02/07,3.0,0.0,0.0,3.0,1.0,0.0,0.0,0.0,2.0,2.0,0.0,0.0,0.0,0.0,0.3333333333333333,1.0,1714.0,0.0
Italy,2020/02/08,3.0,0.0,0.0,3.0,0.0,0.0,0.0,0.0,2.0,2.0,0.0,0.0,0.0,0.0,0.3333333333333333,1.0,2429.0,0.0
Italy,2020/02/09,3.0,0.0,0.0,3.0,0.0,0.0,0.0,0.0,2.0,2.0,0.0,0.0,0.0,0.0,0.3333333333333333,1.0,3000.0,0.0
Italy,2020/02/10,3.0,0.0,0.0,3.0,0.0,0.0,0.0,0.0,2.0,3.0,0.0,0.0,0.0,0.0,0.0,1.0,4143.0,0.0
Italy,2020/02/11,3.0,0.0,0.0,3.0,0.0,0.0,0.0,0.0,2.0,3.0,0.0,0.0,0.0,0.0,0.0,1.0,4857.0,0.0
Italy,2020/02/12,3.0,0.0,0.0,3.0,0.0,0.0,0.0,0.0,2.0,3.0,0.0,0.0,0.0,0.0,0.0,1.0,7429.0,0.0
Italy,2020/02/13,3.0,0.0,0.0,3.0,0.0,0.0,0.0,0.0,2.0,3.0,0.0,0.0,0.0,0.0,0.0,1.0,11286.0,43.0
Italy,2020/02/14,3.0,0.0,0.0,3.0,0.0,0.0,0.0,0.0,3.0,3.0,0.0,0.0,0.0,0.0,0.0,0.0,15286.0,87.0
Italy,2020/02/15,3.0,0.0,0.0,3.0,0.0,0.0,0.0,0.0,3.0,3.0,0.0,0.0,0.0,0.0,0.0,0.0,21143.0,130.0
Italy,2020/02/16,3.0,0.0,0.0,3.0,0.0,0.0,0.0,0.0,3.0,3.0,0.0,0.0,0.0,0.0,0.0,0.0,28143.0,304.0
Italy,2020/02/17,3.0,0.0,0.0,3.0,0.0,0.0,0.0,0.0,3.0,3.0,0.0,0.0,0.0,0.0,0.0,0.0,33286.0,435.0
Italy,2020/02/18,3.0,0.0,0.0,3.0,0.0,0.0,0.0,0.0,3.0,3.0,0.0,0.0,0.0,0.0,0.0,0.0,52286.0,522.0
Italy,2020/02/19,3.0,0.0,0.0,3.0,0.0,0.0,0.0,0.0,3.0,3.0,0.0,0.0,0.0,0.0,0.0,0.0,66143.0,739.0
Italy,2020/02/20,3.0,0.0,0.0,3.0,0.0,0.0,0.0,0.0,3.0,3.0,0.0,0.0,0.0,0.0,0.0,0.0,90143.0,913.0
Italy,2020/02/21,20.0,1.0,0.0,19.0,17.0,0.0,0.0,0.0,3.0,3.0,1.0,0.0,0.0,1.0,5.666666666666667,17.0,118143.0,1261.0
Italy,2020/02/22,62.0,2.0,1.0,59.0,42.0,1.0,0.0,0.0,3.0,3.0,1.0,1.0,0.0,2.0,19.666666666666668,59.0,118143.0,1478.0
Italy,2020/02/23,155.0,3.0,2.0,150.0,93.0,2.0,0.0,0.0,3.0,3.0,1.0,1.0,1.0,3.0,50.666666666666664,152.0,180857.0,2261.0
Italy,2020/02/24,229.0,7.0,1.0,221.0,74.0,3.0,1.0,0.0,3.0,20.0,4.0,2.0,1.0,7.0,69.66666666666667,226.0,205857.0,3435.0
Italy,2020/02/25,322.0,10.0,1.0,311.0,93.0,7.0,2.0,0.0,3.0,62.0,3.0,3.0,2.0,10.0,86.66666666666667,319.0,258429.0,4652.0
Italy,2020/02/26,453.0,12.0,3.0,438.0,131.0,10.0,3.0,0.0,3.0,155.0,2.0,3.0,2.0,12.0,99.33333333333333,450.0,308286.0,6435.0
Italy,2020/02/27,655.0,17.0,45.0,593.0,202.0,12.0,7.0,0.0,3.0,229.0,5.0,3.0,3.0,17.0,142.0,652.0,357571.0,8565.0
Italy,2020/02/28,888.0,21.0,46.0,821.0,233.0,17.0,10.0,1.0,20.0,322.0,4.0,4.0,4.0,20.0,188.66666666666666,868.0,425429.0,10130.0
Italy,2020/02/29,1128.0,29.0,46.0,1053.0,240.0,21.0,12.0,2.0,62.0,453.0,8.0,6.0,4.0,27.0,225.0,1066.0,486429.0,15913.0
Italy,2020/03/01,1694.0,34.0,83.0,1577.0,566.0,29.0,17.0,3.0,155.0,655.0,5.0,6.0,5.0,31.0,346.3333333333333,1539.0,576000.0,20130.0
Italy,2020/03/02,2036.0,52.0,149.0,1835.0,342.0,34.0,21.0,7.0,229.0,888.0,18.0,10.0,8.0,45.0,382.6666666666667,1807.0,689286.0,27435.0
Italy,2020/03/03,2502.0,79.0,160.0,2263.0,466.0,52.0,29.0,10.0,322.0,1128.0,27.0,17.0,12.0,69.0,458.0,2180.0,782286.0,35957.0
Italy,2020/03/04,3089.0,107.0,276.0,2706.0,587.0,79.0,34.0,12.0,453.0,1694.0,28.0,24.0,17.0,95.0,465.0,2636.0,868143.0,35957.0
Italy,2020/03/05,3858.0,148.0,414.0,3296.0,769.0,107.0,52.0,17.0,655.0,2036.0,41.0,32.0,24.0,131.0,607.3333333333334,3203.0,974286.0,55043.0
Italy,2020/03/06,4636.0,197.0,523.0,3916.0,778.0,148.0,79.0,21.0,888.0,2502.0,49.0,39.0,33.0,176.0,711.3333333333334,3748.0,1071857.0,62652.0
Italy,2020/03/07,5883.0,233.0,589.0,5061.0,1247.0,197.0,107.0,29.0,1128.0,3089.0,36.0,42.0,36.0,204.0,931.3333333333334,4755.0,1173571.0,78652.0
Italy,2020/03/08,7375.0,366.0,622.0,6387.0,1492.0,233.0,148.0,34.0,1694.0,3858.0,133.0,73.0,57.0,332.0,1172.3333333333333,5681.0,1304857.0,93826.0
Italy,2020/03/09,9172.0,463.0,724.0,7985.0,1797.0,366.0,197.0,52.0,2036.0,4636.0,97.0,89.0,71.0,411.0,1512.0,7136.0,1431857.0,108826.0
Italy,2020/03/10,10149.0,631.0,724.0,8794.0,977.0,463.0,233.0,79.0,2502.0,5883.0,168.0,133.0,97.0,552.0,1422.0,7647.0,1539857.0,129478.0
Italy,2020/03/11,12462.0,827.0,1045.0,10590.0,2313.0,631.0,366.0,107.0,3089.0,7375.0,196.0,154.0,126.0,720.0,1695.6666666666667,9373.0,1655857.0,148043.0
Italy,2020/03/12,12462.0,827.0,1045.0,10590.0,0.0,827.0,463.0,148.0,3858.0,9172.0,0.0,121.0,119.0,679.0,1096.6666666666667,8604.0,1775429.0,175304.0
Italy,2020/03/13,17660.0,1266.0,1439.0,14955.0,5198.0,827.0,631.0,197.0,4636.0,10149.0,439.0,212.0,180.0,1069.0,2503.6666666666665,13024.0,1879286.0,209783.0
Italy,2020/03/14,21157.0,1441.0,1966.0,17750.0,3497.0,1266.0,827.0,233.0,5883.0,12462.0,175.0,205.0,196.0,1208.0,2898.3333333333335,15274.0,1987857.0,238087.0
Italy,2020/03/15,24747.0,1809.0,2335.0,20603.0,3590.0,1441.0,827.0,366.0,7375.0,12462.0,368.0,327.0,236.0,1443.0,4095.0,17372.0,2097286.0,264217.0
Italy,2020/03/16,27980.0,2158.0,2749.0,23073.0,3233.0,1809.0,1266.0,463.0,9172.0,17660.0,349.0,297.0,266.0,1695.0,3440.0,18808.0,,296522.0
Italy,2020/03/17,31506.0,2503.0,2941.0,26062.0,3526.0,2158.0,1441.0,631.0,10149.0,21157.0,345.0,354.0,335.0,1872.0,3449.6666666666665,21357.0,,326217.0
Italy,2020/03/18,35713.0,2978.0,4025.0,28710.0,4207.0,2503.0,1809.0,827.0,12462.0,24747.0,475.0,390.0,342.0,2151.0,3655.3333333333335,23251.0,,357174.0
Italy,2020/03/19,41035.0,3405.0,4440.0,33190.0,5322.0,2978.0,2158.0,827.0,12462.0,27980.0,427.0,416.0,393.0,2578.0,4351.666666666667,28573.0,,397130.0
Italy,2020/03/20,47021.0,4032.0,4440.0,38549.0,5986.0,3405.0,2503.0,1266.0,17660.0,31506.0,627.0,510.0,445.0,2766.0,5171.666666666667,29361.0,,435783.0
Italy,2020/03/21,53578.0,4825.0,6072.0,42681.0,6557.0,4032.0,2978.0,1441.0,21157.0,35713.0,793.0,616.0,533.0,3384.0,5955.0,32421.0,,468652.0
Italy,2020/03/22,59138.0,5476.0,7024.0,46638.0,5560.0,4825.0,3405.0,1809.0,24747.0,41035.0,651.0,690.0,595.0,3667.0,6034.333333333333,34391.0,,503957.0
Italy,2020/03/23,63927.0,6077.0,7432.0,50418.0,4789.0,5476.0,4032.0,2158.0,27980.0,47021.0,601.0,682.0,620.0,3919.0,5635.333333333333,35947.0,,540348.0
Italy,2020/03/24,69176.0,6820.0,8326.0,54030.0,5249.0,6077.0,4825.0,2503.0,31506.0,53578.0,743.0,665.0,683.0,4317.0,5199.333333333333,37670.0,,571957.0
Italy,2020/03/25,74386.0,7503.0,9362.0,57521.0,5210.0,6820.0,5476.0,2978.0,35713.0,59138.0,683.0,676.0,694.0,4525.0,5082.666666666667,38673.0,,605000.0
Italy,2020/03/26,80589.0,8215.0,10361.0,62013.0,6203.0,7503.0,6077.0,3405.0,41035.0,63927.0,712.0,713.0,678.0,4810.0,5554.0,39554.0,,638304.0
Italy,2020/03/27,86498.0,9134.0,10950.0,66414.0,5909.0,8215.0,6820.0,4032.0,47021.0,69176.0,919.0,771.0,732.0,5102.0,5774.0,39477.0,,
Italy,2020/03/28,92472.0,10023.0,12384.0,70065.0,5974.0,9134.0,7503.0,4825.0,53578.0,74386.0,889.0,840.0,789.0,5198.0,6028.666666666667,38894.0,,
Italy,2020/03/29,97689.0,10779.0,13030.0,73880.0,5217.0,10023.0,8215.0,5476.0,59138.0,80589.0,756.0,855.0,792.0,5303.0,5700.0,38551.0,,
Italy,2020/03/30,101739.0,11591.0,14620.0,75528.0,4050.0,10779.0,9134.0,6077.0,63927.0,86498.0,812.0,819.0,818.0,5514.0,5080.333333333333,37812.0,,
Italy,2020/03/31,105792.0,12428.0,15729.0,77635.0,4053.0,11591.0,10023.0,6820.0,69176.0,92472.0,837.0,802.0,843.0,5608.0,4440.0,36616.0,,
Italy,2020/04/01,110574.0,13155.0,16847.0,80572.0,4782.0,12428.0,10779.0,7503.0,74386.0,97689.0,727.0,792.0,804.0,5652.0,4295.0,36188.0,,
Italy,2020/04/02,115242.0,13915.0,18278.0,83049.0,4668.0,13155.0,11591.0,8215.0,80589.0,101739.0,760.0,775.0,778.0,5700.0,4501.0,34653.0,,
Italy,2020/04/03,119827.0,14681.0,19758.0,85388.0,4585.0,13915.0,12428.0,9134.0,86498.0,105792.0,766.0,751.0,780.0,5547.0,4678.333333333333,33329.0,,
Netherlands,2020/01/22,,,,,,,,,,,,,,,,,,
Netherlands,2020/01/23,,,,,,,,,,,,,,,,,,
Netherlands,2020/01/24,,,,,,,,,,,,,,,,,,
Netherlands,2020/01/25,,,,,,,,,,,,,,,,,,
Netherlands,2020/01/26,,,,,,,,,,,,,,,,,,
Netherlands,2020/01/27,,,,,,,,,,,,,,,,,,
Netherlands,2020/01/28,,,,,,,,,,,,,,,,,,
Netherlands,2020/01/29,,,,,,,,,,,,,,,,,,
Netherlands,2020/01/30,,,,,,,,,,,,,,,,,,
Netherlands,2020/01/31,,,,,,,,,,,,,,,,,,
Netherlands,2020/02/01,,,,,,,,,,,,,,,,,,
Netherlands,2020/02/02,,,,,,,,,,,,,,,,,,
Netherlands,2020/02/03,,,,,,,,,,,,,,,,,,
Netherlands,2020/02/04,,,,,,,,,,,,,,,,,,
Netherlands,2020/02/05,,,,,,,,,,,,,,,,,,
Netherlands,2020/02/06,,,,,,,,,,,,,,,,,,
Netherlands,2020/02/07,,,,,,,,,,,,,,,,,,
Netherlands,2020/02/08,,,,,,,,,,,,,,,,,,
Netherlands,2020/02/09,,,,,,,,,,,,,,,,,,
Netherlands,2020/02/10,,,,,,,,,,,,,,,,,,
Netherlands,2020/02/11,,,,,,,,,,,,,,,,,,
Netherlands,2020/02/12,,,,,,,,,,,,,,,,,,
Netherlands,2020/02/13,,,,,,,,,,,,,,,,,,
Netherlands,2020/02/14,,,,,,,,,,,,,,,,,,
Netherlands,2020/02/15,,,,,,,,,,,,,,,,,,
Netherlands,2020/02/16,,,,,,,,,,,,,,,,,,
Netherlands,2020/02/17,,,,,,,,,,,,,,,,,,
Netherlands,2020/02/18,,,,,,,,,,,,,,,,,,
Netherlands,2020/02/19,,,,,,,,,,,,,,,,,,
Netherlands,2020/02/20,,,,,,,,,,,,,,,,,,
Netherlands,2020/02/21,,,,,,,,,,,,,,,,,,
Netherlands,2020/02/22,,,,,,,,,,,,,,,,,,
Netherlands,2020/02/23,,,,,,,,,,,,,,,,,,
Netherlands,2020/02/24,,,,,,,,,,,,,,,,,,
Netherlands,2020/02/25,,,,,,,,,,,,,,,,,,
Netherlands,2020/02/26,,,,,,,,,,,,,,,,,,
Netherlands,2020/02/27,1.0,0.0,0.0,1.0,,,,,,,,,,,,,6143.0,43.0
Netherlands,2020/02/28,1.0,0.0,0.0,1.0,0.0,0.0,,,,,0.0,,,,,,8286.0,43.0
Netherlands,2020/02/29,6.0,0.0,0.0,6.0,5.0,0.0,,,,,0.0,,,,,,11000.0,130.0
Netherlands,2020/03/01,10.0,0.0,0.0,10.0,4.0,0.0,0.0,,,1.0,0.0,0.0,,,3.0,,15286.0,130.0
Netherlands,2020/03/02,18.0,0.0,0.0,18.0,8.0,0.0,0.0,,,1.0,0.0,0.0,,,5.666666666666667,,19571.0,174.0
Netherlands,2020/03/03,24.0,0.0,0.0,24.0,6.0,0.0,0.0,,,6.0,0.0,0.0,0.0,,6.0,,25714.0,217.0
Netherlands,2020/03/04,38.0,0.0,0.0,38.0,14.0,0.0,0.0,,,10.0,0.0,0.0,0.0,,9.333333333333334,,30571.0,217.0
Netherlands,2020/03/05,82.0,0.0,0.0,82.0,44.0,0.0,0.0,0.0,1.0,18.0,0.0,0.0,0.0,0.0,21.333333333333332,81.0,39571.0,435.0
Netherlands,2020/03/06,128.0,1.0,0.0,127.0,46.0,0.0,0.0,0.0,1.0,24.0,1.0,0.0,0.0,1.0,34.666666666666664,127.0,51000.0,522.0
Netherlands,2020/03/07,188.0,1.0,0.0,187.0,60.0,1.0,0.0,0.0,6.0,38.0,0.0,0.0,0.0,1.0,50.0,182.0,62143.0,870.0
Netherlands,2020/03/08,265.0,3.0,0.0,262.0,77.0,1.0,0.0,0.0,10.0,82.0,2.0,1.0,1.0,3.0,61.0,255.0,78143.0,1043.0
Netherlands,2020/03/09,321.0,3.0,0.0,318.0,56.0,3.0,1.0,0.0,18.0,128.0,0.0,1.0,1.0,3.0,64.33333333333333,303.0,91429.0,1870.0
Netherlands,2020/03/10,382.0,4.0,0.0,378.0,61.0,3.0,1.0,0.0,24.0,188.0,1.0,1.0,1.0,4.0,64.66666666666667,358.0,110286.0,2522.0
Netherlands,2020/03/11,503.0,5.0,0.0,498.0,121.0,4.0,3.0,0.0,38.0,265.0,1.0,1.0,1.0,5.0,79.33333333333333,465.0,123571.0,3348.0
Netherlands,2020/03/12,503.0,5.0,0.0,498.0,0.0,5.0,3.0,0.0,82.0,321.0,0.0,1.0,1.0,5.0,60.666666666666664,421.0,148571.0,4652.0
Netherlands,2020/03/13,804.0,10.0,0.0,794.0,301.0,5.0,4.0,1.0,128.0,382.0,5.0,2.0,1.0,9.0,140.66666666666666,676.0,167857.0,5957.0
Netherlands,2020/03/14,959.0,12.0,2.0,945.0,155.0,10.0,5.0,1.0,188.0,503.0,2.0,2.0,2.0,11.0,152.0,771.0,191571.0,7826.0
Netherlands,2020/03/15,1135.0,20.0,2.0,1113.0,176.0,12.0,5.0,3.0,265.0,503.0,8.0,5.0,3.0,17.0,210.66666666666666,870.0,212857.0,9304.0
Netherlands,2020/03/16,1414.0,24.0,2.0,1388.0,279.0,20.0,10.0,3.0,321.0,804.0,4.0,5.0,4.0,21.0,203.33333333333334,1093.0,,12043.0
Netherlands,2020/03/17,1708.0,43.0,2.0,1663.0,294.0,24.0,12.0,4.0,382.0,959.0,19.0,10.0,8.0,39.0,249.66666666666666,1326.0,,15522.0
Netherlands,2020/03/18,2056.0,58.0,2.0,1996.0,348.0,43.0,20.0,5.0,503.0,1135.0,15.0,13.0,10.0,53.0,307.0,1553.0,,18913.0
Netherlands,2020/03/19,2465.0,77.0,2.0,2386.0,409.0,58.0,24.0,5.0,503.0,1414.0,19.0,18.0,13.0,72.0,350.3333333333333,1962.0,,23783.0
Netherlands,2020/03/20,3003.0,107.0,2.0,2894.0,538.0,77.0,43.0,10.0,804.0,1708.0,30.0,21.0,17.0,97.0,431.6666666666667,2199.0,,27826.0
Netherlands,2020/03/21,3640.0,137.0,2.0,3501.0,637.0,107.0,58.0,12.0,959.0,2056.0,30.0,26.0,23.0,125.0,528.0,2681.0,,33565.0
Netherlands,2020/03/22,4217.0,180.0,3.0,4034.0,577.0,137.0,77.0,20.0,1135.0,2465.0,43.0,34.0,27.0,160.0,584.0,3082.0,,37609.0
Netherlands,2020/03/23,4764.0,214.0,3.0,4547.0,547.0,180.0,107.0,24.0,1414.0,3003.0,34.0,36.0,31.0,190.0,587.0,3350.0,,45217.0
Netherlands,2020/03/24,5580.0,277.0,3.0,5300.0,816.0,214.0,137.0,43.0,1708.0,3640.0,63.0,47.0,40.0,234.0,646.6666666666666,3872.0,,51087.0
Netherlands,2020/03/25,6438.0,357.0,4.0,6077.0,858.0,277.0,180.0,58.0,2056.0,4217.0,80.0,59.0,50.0,299.0,740.3333333333334,4382.0,,58304.0
Netherlands,2020/03/26,7468.0,435.0,6.0,7027.0,1030.0,357.0,214.0,77.0,2465.0,4764.0,78.0,74.0,60.0,358.0,901.3333333333334,5003.0,,64783.0
Netherlands,2020/03/27,8647.0,547.0,6.0,8094.0,1179.0,435.0,277.0,107.0,3003.0,5580.0,112.0,90.0,73.0,440.0,1022.3333333333334,5644.0,,
Netherlands,2020/03/28,9819.0,640.0,6.0,9173.0,1172.0,547.0,357.0,137.0,3640.0,6438.0,93.0,94.0,85.0,503.0,1127.0,6179.0,,
Netherlands,2020/03/29,10930.0,772.0,253.0,9905.0,1111.0,640.0,435.0,180.0,4217.0,7468.0,132.0,112.0,99.0,592.0,1154.0,6713.0,,
Netherlands,2020/03/30,11817.0,865.0,253.0,10699.0,887.0,772.0,547.0,214.0,4764.0,8647.0,93.0,106.0,102.0,651.0,1056.6666666666667,7053.0,,
Netherlands,2020/03/31,12667.0,1040.0,253.0,11374.0,850.0,865.0,640.0,277.0,5580.0,9819.0,175.0,133.0,121.0,763.0,949.3333333333334,7087.0,,
Netherlands,2020/04/01,13696.0,1175.0,260.0,12261.0,1029.0,1040.0,772.0,357.0,6438.0,10930.0,135.0,134.0,126.0,818.0,922.0,7258.0,,
Netherlands,2020/04/02,14788.0,1341.0,260.0,13187.0,1092.0,1175.0,865.0,435.0,7468.0,11817.0,166.0,159.0,140.0,906.0,990.3333333333334,7320.0,,
Netherlands,2020/04/03,15821.0,1490.0,260.0,14071.0,1033.0,1341.0,1040.0,547.0,8647.0,12667.0,149.0,150.0,144.0,943.0,1051.3333333333333,7174.0,,
Spain,2020/01/22,,,,,,,,,,,,,,,,,,
Spain,2020/01/23,,,,,,,,,,,,,,,,,,
Spain,2020/01/24,,,,,,,,,,,,,,,,,,
Spain,2020/01/25,,,,,,,,,,,,,,,,,,
Spain,2020/01/26,,,,,,,,,,,,,,,,,,
Spain,2020/01/27,,,,,,,,,,,,,,,,,,
Spain,2020/01/28,,,,,,,,,,,,,,,,,,
Spain,2020/01/29,,,,,,,,,,,,,,,,,,
Spain,2020/01/30,,,,,,,,,,,,,,,,,,
Spain,2020/01/31,,,,,,,,,,,,,,,,,,
Spain,2020/02/01,1.0,0.0,0.0,1.0,,,,,,,,,,,,,0.0,0.0
Spain,2020/02/02,1.0,0.0,0.0,1.0,0.0,0.0,,,,,0.0,,,,,,0.0,0.0
Spain,2020/02/03,1.0,0.0,0.0,1.0,0.0,0.0,,,,,0.0,,,,,,0.0,0.0
Spain,2020/02/04,1.0,0.0,0.0,1.0,0.0,0.0,0.0,,,1.0,0.0,0.0,,,0.0,,0.0,0.0
Spain,2020/02/05,1.0,0.0,0.0,1.0,0.0,0.0,0.0,,,1.0,0.0,0.0,,,0.0,,0.0,0.0
Spain,2020/02/06,1.0,0.0,0.0,1.0,0.0,0.0,0.0,,,1.0,0.0,0.0,0.0,,0.0,,0.0,0.0
Spain,2020/02/07,1.0,0.0,0.0,1.0,0.0,0.0,0.0,,,1.0,0.0,0.0,0.0,,0.0,,0.0,0.0
Spain,2020/02/08,1.0,0.0,0.0,1.0,0.0,0.0,0.0,0.0,1.0,1.0,0.0,0.0,0.0,0.0,0.0,0.0,0.0,0.0
Spain,2020/02/09,2.0,0.0,0.0,2.0,1.0,0.0,0.0,0.0,1.0,1.0,0.0,0.0,0.0,0.0,0.3333333333333333,1.0,0.0,0.0
Spain,2020/02/10,2.0,0.0,0.0,2.0,0.0,0.0,0.0,0.0,1.0,1.0,0.0,0.0,0.0,0.0,0.3333333333333333,1.0,0.0,0.0
Spain,2020/02/11,2.0,0.0,0.0,2.0,0.0,0.0,0.0,0.0,1.0,1.0,0.0,0.0,0.0,0.0,0.3333333333333333,1.0,0.0,0.0
Spain,2020/02/12,2.0,0.0,0.0,2.0,0.0,0.0,0.0,0.0,1.0,2.0,0.0,0.0,0.0,0.0,0.0,1.0,0.0,0.0
Spain,2020/02/13,2.0,0.0,0.0,2.0,0.0,0.0,0.0,0.0,1.0,2.0,0.0,0.0,0.0,0.0,0.0,1.0,143.0,0.0
Spain,2020/02/14,2.0,0.0,0.0,2.0,0.0,0.0,0.0,0.0,1.0,2.0,0.0,0.0,0.0,0.0,0.0,1.0,286.0,0.0
Spain,2020/02/15,2.0,0.0,2.0,0.0,0.0,0.0,0.0,0.0,1.0,2.0,0.0,0.0,0.0,0.0,0.0,1.0,429.0,0.0
Spain,2020/02/16,2.0,0.0,2.0,0.0,0.0,0.0,0.0,0.0,2.0,2.0,0.0,0.0,0.0,0.0,0.0,0.0,714.0,0.0
Spain,2020/02/17,2.0,0.0,2.0,0.0,0.0,0.0,0.0,0.0,2.0,2.0,0.0,0.0,0.0,0.0,0.0,0.0,1429.0,0.0
Spain,2020/02/18,2.0,0.0,2.0,0.0,0.0,0.0,0.0,0.0,2.0,2.0,0.0,0.0,0.0,0.0,0.0,0.0,2429.0,0.0
Spain,2020/02/19,2.0,0.0,2.0,0.0,0.0,0.0,0.0,0.0,2.0,2.0,0.0,0.0,0.0,0.0,0.0,0.0,4000.0,0.0
Spain,2020/02/20,2.0,0.0,2.0,0.0,0.0,0.0,0.0,0.0,2.0,2.0,0.0,0.0,0.0,0.0,0.0,0.0,5000.0,0.0
Spain,2020/02/21,2.0,0.0,2.0,0.0,0.0,0.0,0.0,0.0,2.0,2.0,0.0,0.0,0.0,0.0,0.0,0.0,7714.0,0.0
Spain,2020/02/22,2.0,0.0,2.0,0.0,0.0,0.0,0.0,0.0,2.0,2.0,0.0,0.0,0.0,0.0,0.0,0.0,7857.0,0.0
Spain,2020/02/23,2.0,0.0,2.0,0.0,0.0,0.0,0.0,0.0,2.0,2.0,0.0,0.0,0.0,0.0,0.0,0.0,19000.0,0.0
Spain,2020/02/24,2.0,0.0,2.0,0.0,0.0,0.0,0.0,0.0,2.0,2.0,0.0,0.0,0.0,0.0,0.0,0.0,27857.0,43.0
Spain,2020/02/25,6.0,0.0,2.0,4.0,4.0,0.0,0.0,0.0,2.0,2.0,0.0,0.0,0.0,0.0,1.3333333333333333,4.0,41286.0,87.0
Spain,2020/02/26,13.0,0.0,2.0,11.0,7.0,0.0,0.0,0.0,2.0,2.0,0.0,0.0,0.0,0.0,3.6666666666666665,11.0,48857.0,130.0
Spain,2020/02/27,15.0,0.0,2.0,13.0,2.0,0.0,0.0,0.0,2.0,2.0,0.0,0.0,0.0,0.0,4.333333333333333,13.0,76143.0,217.0
Spain,2020/02/28,32.0,0.0,2.0,30.0,17.0,0.0,0.0,0.0,2.0,6.0,0.0,0.0,0.0,0.0,8.666666666666666,30.0,89000.0,435.0
Spain,2020/02/29,45.0,0.0,2.0,43.0,13.0,0.0,0.0,0.0,2.0,13.0,0.0,0.0,0.0,0.0,10.666666666666666,43.0,118571.0,739.0
Spain,2020/03/01,84.0,0.0,2.0,82.0,39.0,0.0,0.0,0.0,2.0,15.0,0.0,0.0,0.0,0.0,23.0,82.0,149000.0,1217.0
Spain,2020/03/02,120.0,0.0,2.0,118.0,36.0,0.0,0.0,0.0,2.0,32.0,0.0,0.0,0.0,0.0,29.333333333333332,118.0,196429.0,1522.0
Spain,2020/03/03,165.0,1.0,2.0,162.0,45.0,0.0,0.0,0.0,6.0,45.0,1.0,0.0,0.0,1.0,40.0,159.0,250857.0,2348.0
Spain,2020/03/04,222.0,2.0,2.0,218.0,57.0,1.0,0.0,0.0,13.0,84.0,1.0,1.0,0.0,2.0,46.0,209.0,330143.0,2391.0
Spain,2020/03/05,259.0,3.0,2.0,254.0,37.0,2.0,0.0,0.0,15.0,120.0,1.0,1.0,1.0,3.0,46.333333333333336,244.0,401143.0,5783.0
Spain,2020/03/06,400.0,5.0,2.0,393.0,141.0,3.0,1.0,0.0,32.0,165.0,2.0,1.0,1.0,5.0,78.33333333333333,368.0,521000.0,8478.0
Spain,2020/03/07,500.0,10.0,30.0,460.0,100.0,5.0,2.0,0.0,45.0,222.0,5.0,3.0,2.0,10.0,92.66666666666667,455.0,623571.0,12565.0
Spain,2020/03/08,673.0,17.0,30.0,626.0,173.0,10.0,3.0,0.0,84.0,259.0,7.0,5.0,3.0,17.0,138.0,589.0,734000.0,14870.0
Spain,2020/03/09,1073.0,28.0,32.0,1013.0,400.0,17.0,5.0,0.0,120.0,400.0,11.0,8.0,5.0,28.0,224.33333333333334,953.0,854571.0,23174.0
Spain,2020/03/10,1695.0,35.0,32.0,1628.0,622.0,28.0,10.0,1.0,165.0,500.0,7.0,8.0,6.0,34.0,398.3333333333333,1530.0,971857.0,27087.0
Spain,2020/03/11,2277.0,54.0,183.0,2040.0,582.0,35.0,17.0,2.0,222.0,673.0,19.0,12.0,10.0,52.0,534.6666666666666,2055.0,1102286.0,36087.0
Spain,2020/03/12,2277.0,55.0,183.0,2039.0,0.0,54.0,28.0,3.0,259.0,1073.0,1.0,9.0,9.0,52.0,401.3333333333333,2018.0,1209143.0,45348.0
Spain,2020/03/13,5232.0,133.0,193.0,4906.0,2955.0,55.0,35.0,5.0,400.0,1695.0,78.0,33.0,23.0,128.0,1179.0,4832.0,1341000.0,59783.0
Spain,2020/03/14,6391.0,195.0,517.0,5679.0,1159.0,133.0,54.0,10.0,500.0,2277.0,62.0,47.0,33.0,185.0,1371.3333333333333,5891.0,1478286.0,76348.0
Spain,2020/03/15,7798.0,289.0,517.0,6992.0,1407.0,195.0,55.0,17.0,673.0,2277.0,94.0,78.0,51.0,272.0,1840.3333333333333,7125.0,1599714.0,100478.0
Spain,2020/03/16,9942.0,342.0,530.0,9070.0,2144.0,289.0,133.0,28.0,1073.0,5232.0,53.0,70.0,58.0,314.0,1570.0,8869.0,,122087.0
Spain,2020/03/17,11748.0,533.0,1028.0,10187.0,1806.0,342.0,195.0,35.0,1695.0,6391.0,191.0,113.0,96.0,498.0,1785.6666666666667,10053.0,,158565.0
Spain,2020/03/18,13910.0,623.0,1081.0,12206.0,2162.0,533.0,289.0,54.0,2277.0,7798.0,90.0,111.0,98.0,569.0,2037.3333333333333,11633.0,,189783.0
Spain,2020/03/19,17963.0,830.0,1107.0,16026.0,4053.0,623.0,342.0,55.0,2277.0,9942.0,207.0,163.0,127.0,775.0,2673.6666666666665,15686.0,,223391.0
Spain,2020/03/20,20410.0,1043.0,1588.0,17779.0,2447.0,830.0,533.0,133.0,5232.0,11748.0,213.0,170.0,151.0,910.0,2887.3333333333335,15178.0,,260087.0
Spain,2020/03/21,25374.0,1375.0,2125.0,21874.0,4964.0,1043.0,623.0,195.0,6391.0,13910.0,332.0,251.0,207.0,1180.0,3821.3333333333335,18983.0,,295783.0
Spain,2020/03/22,28603.0,1756.0,2125.0,24722.0,3229.0,1375.0,830.0,289.0,7798.0,17963.0,381.0,309.0,245.0,1467.0,3546.6666666666665,20805.0,,335478.0
Spain,2020/03/23,35136.0,2311.0,3355.0,29470.0,6533.0,1756.0,1043.0,342.0,9942.0,20410.0,555.0,423.0,338.0,1969.0,4908.666666666667,25194.0,,368000.0
Spain,2020/03/24,39885.0,2808.0,3794.0,33283.0,4749.0,2311.0,1375.0,533.0,11748.0,25374.0,497.0,478.0,396.0,2275.0,4837.0,28137.0,,408130.0
Spain,2020/03/25,49515.0,3647.0,5367.0,40501.0,9630.0,2808.0,1756.0,623.0,13910.0,28603.0,839.0,630.0,521.0,3024.0,6970.666666666667,35605.0,,449913.0
Spain,2020/03/26,57786.0,4365.0,7015.0,46406.0,8271.0,3647.0,2311.0,830.0,17963.0,35136.0,718.0,685.0,598.0,3535.0,7550.0,39823.0,,486870.0
Spain,2020/03/27,65719.0,5138.0,9357.0,51224.0,7933.0,4365.0,2808.0,1043.0,20410.0,39885.0,773.0,777.0,676.0,4095.0,8611.333333333334,45309.0,,
Spain,2020/03/28,73235.0,5982.0,12285.0,54968.0,7516.0,5138.0,3647.0,1375.0,25374.0,49515.0,844.0,778.0,734.0,4607.0,7906.666666666667,47861.0,,
Spain,2020/03/29,80110.0,6803.0,14709.0,58598.0,6875.0,5982.0,4365.0,1756.0,28603.0,57786.0,821.0,813.0,799.0,5047.0,7441.333333333333,51507.0,,
Spain,2020/03/30,87956.0,7716.0,16780.0,63460.0,7846.0,6803.0,5138.0,2311.0,35136.0,65719.0,913.0,859.0,814.0,5405.0,7412.333333333333,52820.0,,
Spain,2020/03/31,95923.0,8464.0,19259.0,68200.0,7967.0,7716.0,5982.0,2808.0,39885.0,73235.0,748.0,827.0,820.0,5656.0,7562.666666666667,56038.0,,
Spain,2020/04/01,104118.0,9387.0,22647.0,72084.0,8195.0,8464.0,6803.0,3647.0,49515.0,80110.0,923.0,861.0,850.0,5740.0,8002.666666666667,54603.0,,
Spain,2020/04/02,112065.0,10348.0,26743.0,74974.0,7947.0,9387.0,7716.0,4365.0,57786.0,87956.0,961.0,877.0,873.0,5983.0,8036.333333333333,54279.0,,
Spain,2020/04/03,119199.0,11198.0,30513.0,77488.0,7134.0,10348.0,8464.0,5138.0,65719.0,95923.0,850.0,911.0,879.0,6060.0,7758.666666666667,53480.0,,
Switzerland,2020/01/22,,,,,,,,,,,,,,,,,,
Switzerland,2020/01/23,,,,,,,,,,,,,,,,,,
Switzerland,2020/01/24,,,,,,,,,,,,,,,,,,
Switzerland,2020/01/25,,,,,,,,,,,,,,,,,,
Switzerland,2020/01/26,,,,,,,,,,,,,,,,,,
Switzerland,2020/01/27,,,,,,,,,,,,,,,,,,
Switzerland,2020/01/28,,,,,,,,,,,,,,,,,,
Switzerland,2020/01/29,,,,,,,,,,,,,,,,,,
Switzerland,2020/01/30,,,,,,,,,,,,,,,,,,
Switzerland,2020/01/31,,,,,,,,,,,,,,,,,,
Switzerland,2020/02/01,,,,,,,,,,,,,,,,,,
Switzerland,2020/02/02,,,,,,,,,,,,,,,,,,
Switzerland,2020/02/03,,,,,,,,,,,,,,,,,,
Switzerland,2020/02/04,,,,,,,,,,,,,,,,,,
Switzerland,2020/02/05,,,,,,,,,,,,,,,,,,
Switzerland,2020/02/06,,,,,,,,,,,,,,,,,,
Switzerland,2020/02/07,,,,,,,,,,,,,,,,,,
Switzerland,2020/02/08,,,,,,,,,,,,,,,,,,
Switzerland,2020/02/09,,,,,,,,,,,,,,,,,,
Switzerland,2020/02/10,,,,,,,,,,,,,,,,,,
Switzerland,2020/02/11,,,,,,,,,,,,,,,,,,
Switzerland,2020/02/12,,,,,,,,,,,,,,,,,,
Switzerland,2020/02/13,,,,,,,,,,,,,,,,,,
Switzerland,2020/02/14,,,,,,,,,,,,,,,,,,
Switzerland,2020/02/15,,,,,,,,,,,,,,,,,,
Switzerland,2020/02/16,,,,,,,,,,,,,,,,,,
Switzerland,2020/02/17,,,,,,,,,,,,,,,,,,
Switzerland,2020/02/18,,,,,,,,,,,,,,,,,,
Switzerland,2020/02/19,,,,,,,,,,,,,,,,,,
Switzerland,2020/02/20,,,,,,,,,,,,,,,,,,
Switzerland,2020/02/21,,,,,,,,,,,,,,,,,,
Switzerland,2020/02/22,,,,,,,,,,,,,,,,,,
Switzerland,2020/02/23,,,,,,,,,,,,,,,,,,
Switzerland,2020/02/24,,,,,,,,,,,,,,,,,,
Switzerland,2020/02/25,1.0,0.0,0.0,1.0,,,,,,,,,,,,,2000.0,0.0
Switzerland,2020/02/26,1.0,0.0,0.0,1.0,0.0,0.0,,,,,0.0,,,,,,2000.0,43.0
Switzerland,2020/02/27,8.0,0.0,0.0,8.0,7.0,0.0,,,,,0.0,,,,,,3857.0,43.0
Switzerland,2020/02/28,8.0,0.0,0.0,8.0,0.0,0.0,0.0,,,1.0,0.0,0.0,,,2.3333333333333335,,4000.0,43.0
Switzerland,2020/02/29,18.0,0.0,0.0,18.0,10.0,0.0,0.0,,,1.0,0.0,0.0,,,5.666666666666667,,5857.0,87.0
Switzerland,2020/03/01,27.0,0.0,0.0,27.0,9.0,0.0,0.0,,,8.0,0.0,0.0,0.0,,6.333333333333333,,7714.0,87.0
Switzerland,2020/03/02,42.0,0.0,0.0,42.0,15.0,0.0,0.0,,,8.0,0.0,0.0,0.0,,11.333333333333334,,10714.0,130.0
Switzerland,2020/03/03,56.0,0.0,2.0,54.0,14.0,0.0,0.0,0.0,1.0,18.0,0.0,0.0,0.0,0.0,12.666666666666666,55.0,14000.0,174.0
Switzerland,2020/03/04,90.0,0.0,3.0,87.0,34.0,0.0,0.0,0.0,1.0,27.0,0.0,0.0,0.0,0.0,21.0,89.0,17143.0,174.0
Switzerland,2020/03/05,114.0,1.0,3.0,110.0,24.0,0.0,0.0,0.0,8.0,42.0,1.0,0.0,0.0,1.0,24.0,106.0,17429.0,478.0
Switzerland,2020/03/06,214.0,1.0,3.0,210.0,100.0,1.0,0.0,0.0,8.0,56.0,0.0,0.0,0.0,1.0,52.666666666666664,206.0,21857.0,565.0
Switzerland,2020/03/07,268.0,1.0,3.0,264.0,54.0,1.0,0.0,0.0,18.0,90.0,0.0,0.0,0.0,1.0,59.333333333333336,250.0,27286.0,609.0
Switzerland,2020/03/08,337.0,2.0,3.0,332.0,69.0,1.0,1.0,0.0,27.0,114.0,1.0,0.0,0.0,2.0,74.33333333333333,310.0,33000.0,609.0
Switzerland,2020/03/09,374.0,2.0,3.0,369.0,37.0,2.0,1.0,0.0,42.0,214.0,0.0,0.0,0.0,2.0,53.333333333333336,332.0,37714.0,1174.0
Switzerland,2020/03/10,491.0,3.0,3.0,485.0,117.0,2.0,1.0,0.0,56.0,268.0,1.0,1.0,0.0,3.0,74.33333333333333,435.0,42857.0,1217.0
Switzerland,2020/03/11,652.0,4.0,4.0,644.0,161.0,3.0,2.0,0.0,90.0,337.0,1.0,1.0,1.0,4.0,105.0,562.0,51286.0,1783.0
Switzerland,2020/03/12,652.0,4.0,4.0,644.0,0.0,4.0,2.0,1.0,114.0,374.0,0.0,1.0,1.0,3.0,92.66666666666667,538.0,61857.0,2348.0
Switzerland,2020/03/13,1139.0,11.0,4.0,1124.0,487.0,4.0,3.0,1.0,214.0,491.0,7.0,3.0,2.0,10.0,216.0,925.0,69714.0,3261.0
Switzerland,2020/03/14,1359.0,13.0,4.0,1342.0,220.0,11.0,4.0,1.0,268.0,652.0,2.0,3.0,2.0,12.0,235.66666666666666,1091.0,76571.0,4261.0
Switzerland,2020/03/15,2200.0,14.0,4.0,2182.0,841.0,13.0,4.0,2.0,337.0,652.0,1.0,3.0,2.0,12.0,516.0,1863.0,84429.0,5217.0
Switzerland,2020/03/16,2200.0,14.0,4.0,2182.0,0.0,14.0,11.0,2.0,374.0,1139.0,0.0,1.0,2.0,12.0,353.6666666666667,1826.0,,5304.0
Switzerland,2020/03/17,2700.0,27.0,4.0,2669.0,500.0,14.0,13.0,3.0,491.0,1359.0,13.0,5.0,5.0,24.0,447.0,2209.0,,6652.0
Switzerland,2020/03/18,3028.0,28.0,15.0,2985.0,328.0,27.0,14.0,4.0,652.0,2200.0,1.0,5.0,3.0,24.0,276.0,2376.0,,8304.0
Switzerland,2020/03/19,4075.0,41.0,15.0,4019.0,1047.0,28.0,14.0,4.0,652.0,2200.0,13.0,9.0,6.0,37.0,625.0,3423.0,,10043.0
Switzerland,2020/03/20,5294.0,54.0,15.0,5225.0,1219.0,41.0,27.0,11.0,1139.0,2700.0,13.0,9.0,8.0,43.0,864.6666666666666,4155.0,,11478.0
Switzerland,2020/03/21,6575.0,75.0,15.0,6485.0,1281.0,54.0,28.0,13.0,1359.0,3028.0,21.0,16.0,12.0,62.0,1182.3333333333333,5216.0,,13043.0
Switzerland,2020/03/22,7474.0,98.0,131.0,7245.0,899.0,75.0,41.0,14.0,2200.0,4075.0,23.0,19.0,14.0,84.0,1133.0,5274.0,,15609.0
Switzerland,2020/03/23,8795.0,120.0,131.0,8544.0,1321.0,98.0,54.0,14.0,2200.0,5294.0,22.0,22.0,18.0,106.0,1167.0,6595.0,,18826.0
Switzerland,2020/03/24,9877.0,122.0,131.0,9624.0,1082.0,120.0,75.0,27.0,2700.0,6575.0,2.0,16.0,16.0,95.0,1100.6666666666667,7177.0,,21217.0
Switzerland,2020/03/25,10897.0,153.0,131.0,10613.0,1020.0,122.0,98.0,28.0,3028.0,7474.0,31.0,18.0,20.0,125.0,1141.0,7869.0,,23304.0
Switzerland,2020/03/26,11811.0,191.0,131.0,11489.0,914.0,153.0,120.0,41.0,4075.0,8795.0,38.0,24.0,23.0,150.0,1005.3333333333334,7736.0,,25696.0
Switzerland,2020/03/27,12928.0,231.0,1530.0,11167.0,1117.0,191.0,122.0,54.0,5294.0,9877.0,40.0,36.0,27.0,177.0,1017.0,7634.0,,
Switzerland,2020/03/28,14076.0,264.0,1530.0,12282.0,1148.0,231.0,153.0,75.0,6575.0,10897.0,33.0,37.0,29.0,189.0,1059.6666666666667,7501.0,,
Switzerland,2020/03/29,14829.0,300.0,1595.0,12934.0,753.0,264.0,191.0,98.0,7474.0,11811.0,36.0,36.0,36.0,202.0,1006.0,7355.0,,
Switzerland,2020/03/30,15922.0,359.0,1823.0,13740.0,1093.0,300.0,231.0,120.0,8795.0,12928.0,59.0,43.0,41.0,239.0,998.0,7127.0,,
Switzerland,2020/03/31,16605.0,433.0,1823.0,14349.0,683.0,359.0,264.0,122.0,9877.0,14076.0,74.0,56.0,48.0,311.0,843.0,6728.0,,
Switzerland,2020/04/01,17768.0,488.0,2967.0,14313.0,1163.0,433.0,300.0,153.0,10897.0,14829.0,55.0,63.0,51.0,335.0,979.6666666666666,6871.0,,
Switzerland,2020/04/02,18827.0,536.0,4013.0,14278.0,1059.0,488.0,359.0,191.0,11811.0,15922.0,48.0,59.0,54.0,345.0,968.3333333333334,7016.0,,
Switzerland,2020/04/03,19606.0,591.0,4846.0,14169.0,779.0,536.0,433.0,231.0,12928.0,16605.0,55.0,53.0,58.0,360.0,1000.3333333333334,6678.0,,
UK,2020/01/22,,,,,,,,,,,,,,,,,,
UK,2020/01/23,,,,,,,,,,,,,,,,,,
UK,2020/01/24,,,,,,,,,,,,,,,,,,
UK,2020/01/25,,,,,,,,,,,,,,,,,,
UK,2020/01/26,,,,,,,,,,,,,,,,,,
UK,2020/01/27,,,,,,,,,,,,,,,,,,
UK,2020/01/28,,,,,,,,,,,,,,,,,,
UK,2020/01/29,,,,,,,,,,,,,,,,,,
UK,2020/01/30,,,,,,,,,,,,,,,,,,
UK,2020/01/31,2.0,0.0,0.0,0.0,,,,,,,,,,,,,0.0,0.0
UK,2020/02/01,2.0,0.0,0.0,2.0,0.0,0.0,,,,,0.0,,,,,,0.0,0.0
UK,2020/02/02,2.0,0.0,0.0,2.0,0.0,0.0,,,,,0.0,,,,,,0.0,0.0
UK,2020/02/03,2.0,0.0,0.0,2.0,0.0,0.0,0.0,,,2.0,0.0,0.0,,,0.0,,0.0,0.0
UK,2020/02/04,2.0,0.0,0.0,2.0,0.0,0.0,0.0,,,2.0,0.0,0.0,,,0.0,,0.0,0.0
UK,2020/02/05,2.0,0.0,0.0,2.0,0.0,0.0,0.0,,,2.0,0.0,0.0,0.0,,0.0,,0.0,0.0
UK,2020/02/06,2.0,0.0,0.0,2.0,0.0,0.0,0.0,,,2.0,0.0,0.0,0.0,,0.0,,0.0,0.0
UK,2020/02/07,3.0,0.0,0.0,3.0,1.0,0.0,0.0,0.0,2.0,2.0,0.0,0.0,0.0,0.0,0.3333333333333333,1.0,0.0,0.0
UK,2020/02/08,3.0,0.0,0.0,3.0,0.0,0.0,0.0,0.0,2.0,2.0,0.0,0.0,0.0,0.0,0.3333333333333333,1.0,0.0,0.0
UK,2020/02/09,3.0,0.0,0.0,3.0,0.0,0.0,0.0,0.0,2.0,2.0,0.0,0.0,0.0,0.0,0.3333333333333333,1.0,0.0,0.0
UK,2020/02/10,8.0,0.0,0.0,8.0,5.0,0.0,0.0,0.0,2.0,3.0,0.0,0.0,0.0,0.0,1.6666666666666667,6.0,0.0,0.0
UK,2020/02/11,8.0,0.0,0.0,8.0,0.0,0.0,0.0,0.0,2.0,3.0,0.0,0.0,0.0,0.0,1.6666666666666667,6.0,0.0,0.0
UK,2020/02/12,9.0,0.0,1.0,8.0,1.0,0.0,0.0,0.0,2.0,3.0,0.0,0.0,0.0,0.0,2.0,7.0,0.0,0.0
UK,2020/02/13,9.0,0.0,1.0,8.0,0.0,0.0,0.0,0.0,2.0,8.0,0.0,0.0,0.0,0.0,0.3333333333333333,7.0,0.0,0.0
UK,2020/02/14,9.0,0.0,1.0,8.0,0.0,0.0,0.0,0.0,3.0,8.0,0.0,0.0,0.0,0.0,0.3333333333333333,6.0,0.0,0.0
UK,2020/02/15,9.0,0.0,1.0,8.0,0.0,0.0,0.0,0.0,3.0,9.0,0.0,0.0,0.0,0.0,0.0,6.0,143.0,0.0
UK,2020/02/16,9.0,0.0,8.0,1.0,0.0,0.0,0.0,0.0,3.0,9.0,0.0,0.0,0.0,0.0,0.0,6.0,286.0,0.0
UK,2020/02/17,9.0,0.0,8.0,1.0,0.0,0.0,0.0,0.0,8.0,9.0,0.0,0.0,0.0,0.0,0.0,1.0,286.0,0.0
UK,2020/02/18,9.0,0.0,8.0,1.0,0.0,0.0,0.0,0.0,8.0,9.0,0.0,0.0,0.0,0.0,0.0,1.0,429.0,0.0
UK,2020/02/19,9.0,0.0,8.0,1.0,0.0,0.0,0.0,0.0,9.0,9.0,0.0,0.0,0.0,0.0,0.0,0.0,571.0,0.0
UK,2020/02/20,9.0,0.0,8.0,1.0,0.0,0.0,0.0,0.0,9.0,9.0,0.0,0.0,0.0,0.0,0.0,0.0,857.0,0.0
UK,2020/02/21,9.0,0.0,8.0,1.0,0.0,0.0,0.0,0.0,9.0,9.0,0.0,0.0,0.0,0.0,0.0,0.0,1143.0,0.0
UK,2020/02/22,9.0,0.0,8.0,1.0,0.0,0.0,0.0,0.0,9.0,9.0,0.0,0.0,0.0,0.0,0.0,0.0,1143.0,0.0
UK,2020/02/23,9.0,0.0,8.0,1.0,0.0,0.0,0.0,0.0,9.0,9.0,0.0,0.0,0.0,0.0,0.0,0.0,1143.0,0.0
UK,2020/02/24,13.0,0.0,8.0,5.0,4.0,0.0,0.0,0.0,9.0,9.0,0.0,0.0,0.0,0.0,1.3333333333333333,4.0,3000.0,0.0
UK,2020/02/25,13.0,0.0,8.0,5.0,0.0,0.0,0.0,0.0,9.0,9.0,0.0,0.0,0.0,0.0,1.3333333333333333,4.0,3000.0,0.0
UK,2020/02/26,13.0,0.0,8.0,5.0,0.0,0.0,0.0,0.0,9.0,9.0,0.0,0.0,0.0,0.0,1.3333333333333333,4.0,8000.0,43.0
UK,2020/02/27,15.0,0.0,8.0,7.0,2.0,0.0,0.0,0.0,9.0,13.0,0.0,0.0,0.0,0.0,0.6666666666666666,6.0,8000.0,87.0
UK,2020/02/28,20.0,0.0,8.0,12.0,5.0,0.0,0.0,0.0,9.0,13.0,0.0,0.0,0.0,0.0,2.3333333333333335,11.0,10286.0,87.0
UK,2020/02/29,23.0,0.0,8.0,15.0,3.0,0.0,0.0,0.0,9.0,13.0,0.0,0.0,0.0,0.0,3.3333333333333335,14.0,19714.0,130.0
UK,2020/03/01,36.0,0.0,8.0,28.0,13.0,0.0,0.0,0.0,9.0,15.0,0.0,0.0,0.0,0.0,7.0,27.0,25429.0,174.0
UK,2020/03/02,40.0,0.0,8.0,32.0,4.0,0.0,0.0,0.0,13.0,20.0,0.0,0.0,0.0,0.0,6.666666666666667,27.0,33429.0,261.0
UK,2020/03/03,51.0,0.0,8.0,43.0,11.0,0.0,0.0,0.0,13.0,23.0,0.0,0.0,0.0,0.0,9.333333333333334,38.0,40286.0,348.0
UK,2020/03/04,85.0,0.0,8.0,77.0,34.0,0.0,0.0,0.0,13.0,36.0,0.0,0.0,0.0,0.0,16.333333333333332,72.0,48000.0,348.0
UK,2020/03/05,115.0,1.0,8.0,106.0,30.0,0.0,0.0,0.0,15.0,40.0,1.0,0.0,0.0,1.0,25.0,100.0,60429.0,348.0
UK,2020/03/06,163.0,2.0,8.0,153.0,48.0,1.0,0.0,0.0,20.0,51.0,1.0,1.0,0.0,2.0,37.333333333333336,143.0,66571.0,913.0
UK,2020/03/07,206.0,2.0,18.0,186.0,43.0,2.0,0.0,0.0,23.0,85.0,0.0,1.0,0.0,2.0,40.333333333333336,183.0,82857.0,913.0
UK,2020/03/08,273.0,3.0,18.0,252.0,67.0,2.0,1.0,0.0,36.0,115.0,1.0,1.0,1.0,3.0,52.666666666666664,237.0,108714.0,2435.0
UK,2020/03/09,321.0,4.0,18.0,299.0,48.0,3.0,2.0,0.0,40.0,163.0,1.0,1.0,1.0,4.0,52.666666666666664,281.0,145857.0,2435.0
UK,2020/03/10,382.0,6.0,18.0,358.0,61.0,4.0,2.0,0.0,51.0,206.0,2.0,1.0,1.0,6.0,58.666666666666664,331.0,175857.0,3130.0
UK,2020/03/11,459.0,8.0,19.0,432.0,77.0,6.0,3.0,0.0,85.0,273.0,2.0,2.0,1.0,8.0,62.0,374.0,201571.0,6000.0
UK,2020/03/12,459.0,8.0,19.0,432.0,0.0,8.0,4.0,1.0,115.0,321.0,0.0,1.0,1.0,7.0,46.0,344.0,256143.0,7739.0
UK,2020/03/13,801.0,8.0,19.0,774.0,342.0,8.0,6.0,2.0,163.0,382.0,0.0,1.0,1.0,6.0,139.66666666666666,638.0,336714.0,10174.0
UK,2020/03/14,1143.0,21.0,19.0,1103.0,342.0,8.0,8.0,2.0,206.0,459.0,13.0,4.0,3.0,19.0,228.0,937.0,418000.0,12261.0
UK,2020/03/15,1144.0,21.0,19.0,1104.0,1.0,21.0,8.0,3.0,273.0,459.0,0.0,4.0,3.0,18.0,228.33333333333334,871.0,515857.0,14609.0
UK,2020/03/16,1551.0,56.0,21.0,1474.0,407.0,21.0,8.0,4.0,321.0,801.0,35.0,16.0,10.0,52.0,250.0,1230.0,,18391.0
UK,2020/03/17,1960.0,56.0,53.0,1851.0,409.0,56.0,21.0,6.0,382.0,1143.0,0.0,12.0,10.0,50.0,272.3333333333333,1578.0,,20261.0
UK,2020/03/18,2642.0,72.0,67.0,2503.0,682.0,56.0,21.0,8.0,459.0,1144.0,16.0,17.0,13.0,64.0,499.3333333333333,2183.0,,25217.0
UK,2020/03/19,2716.0,138.0,67.0,2511.0,74.0,72.0,56.0,8.0,459.0,1551.0,66.0,27.0,23.0,130.0,388.3333333333333,2257.0,,33087.0
UK,2020/03/20,4014.0,178.0,67.0,3769.0,1298.0,138.0,56.0,8.0,801.0,1960.0,40.0,41.0,31.0,170.0,684.6666666666666,3213.0,,44391.0
UK,2020/03/21,5067.0,234.0,67.0,4766.0,1053.0,178.0,72.0,21.0,1143.0,2642.0,56.0,54.0,36.0,213.0,808.3333333333334,3924.0,,53522.0
UK,2020/03/22,5741.0,282.0,95.0,5364.0,674.0,234.0,138.0,21.0,1144.0,2716.0,48.0,48.0,45.0,261.0,1008.3333333333334,4597.0,,61348.0
UK,2020/03/23,6726.0,336.0,140.0,6250.0,985.0,282.0,178.0,56.0,1551.0,4014.0,54.0,53.0,53.0,280.0,904.0,5175.0,,77957.0
UK,2020/03/24,8164.0,423.0,140.0,7601.0,1438.0,336.0,234.0,56.0,1960.0,5067.0,87.0,63.0,57.0,367.0,1032.3333333333333,6204.0,,102478.0
UK,2020/03/25,9640.0,466.0,140.0,9034.0,1476.0,423.0,282.0,72.0,2642.0,5741.0,43.0,61.0,58.0,394.0,1299.6666666666667,6998.0,,127217.0
UK,2020/03/26,11812.0,580.0,150.0,11082.0,2172.0,466.0,336.0,138.0,2716.0,6726.0,114.0,81.0,69.0,442.0,1695.3333333333333,9096.0,,157000.0
UK,2020/03/27,14745.0,761.0,151.0,13833.0,2933.0,580.0,423.0,178.0,4014.0,8164.0,181.0,113.0,96.0,583.0,2193.6666666666665,10731.0,,
UK,2020/03/28,17312.0,1021.0,151.0,16140.0,2567.0,761.0,466.0,234.0,5067.0,9640.0,260.0,185.0,137.0,787.0,2557.3333333333335,12245.0,,
UK,2020/03/29,19780.0,1231.0,151.0,18398.0,2468.0,1021.0,580.0,282.0,5741.0,11812.0,210.0,217.0,162.0,949.0,2656.0,14039.0,,
UK,2020/03/30,22453.0,1411.0,171.0,20871.0,2673.0,1231.0,761.0,336.0,6726.0,14745.0,180.0,217.0,189.0,1075.0,2569.3333333333335,15727.0,,
UK,2020/03/31,25481.0,1793.0,179.0,23509.0,3028.0,1411.0,1021.0,423.0,8164.0,17312.0,382.0,257.0,243.0,1370.0,2723.0,17317.0,,
UK,2020/04/01,29865.0,2357.0,179.0,27329.0,4384.0,1793.0,1231.0,466.0,9640.0,19780.0,564.0,375.0,319.0,1891.0,3361.6666666666665,20225.0,,
UK,2020/04/02,34173.0,2926.0,192.0,31055.0,4308.0,2357.0,1411.0,580.0,11812.0,22453.0,569.0,505.0,381.0,2346.0,3906.6666666666665,22361.0,,
UK,2020/04/03,38689.0,3611.0,208.0,34870.0,4516.0,2926.0,1793.0,761.0,14745.0,25481.0,685.0,606.0,476.0,2850.0,4402.666666666667,23944.0,,
US,2020/01/22,1.0,0.0,0.0,0.0,,,,,,,,,,,,,0.0,0.0
US,2020/01/23,1.0,0.0,0.0,0.0,0.0,0.0,,,,,0.0,,,,,,0.0,0.0
US,2020/01/24,2.0,0.0,0.0,0.0,1.0,0.0,,,,,0.0,,,,,,0.0,0.0
US,2020/01/25,2.0,0.0,0.0,0.0,0.0,0.0,0.0,,,1.0,0.0,0.0,,,0.3333333333333333,,0.0,0.0
US,2020/01/26,5.0,0.0,0.0,0.0,3.0,0.0,0.0,,,1.0,0.0,0.0,,,1.3333333333333333,,0.0,0.0
US,2020/01/27,5.0,0.0,0.0,0.0,0.0,0.0,0.0,,,2.0,0.0,0.0,0.0,,1.0,,0.0,0.0
US,2020/01/28,5.0,0.0,0.0,0.0,0.0,0.0,0.0,,,2.0,0.0,0.0,0.0,,1.0,,0.0,0.0
US,2020/01/29,5.0,0.0,0.0,0.0,0.0,0.0,0.0,0.0,1.0,5.0,0.0,0.0,0.0,0.0,0.0,4.0,0.0,0.0
US,2020/01/30,5.0,0.0,0.0,0.0,0.0,0.0,0.0,0.0,1.0,5.0,0.0,0.0,0.0,0.0,0.0,4.0,0.0,0.0
US,2020/01/31,6.0,0.0,0.0,0.0,1.0,0.0,0.0,0.0,2.0,5.0,0.0,0.0,0.0,0.0,0.3333333333333333,4.0,0.0,0.0
US,2020/02/01,8.0,0.0,0.0,8.0,2.0,0.0,0.0,0.0,2.0,5.0,0.0,0.0,0.0,0.0,1.0,6.0,0.0,0.0
US,2020/02/02,8.0,0.0,0.0,8.0,0.0,0.0,0.0,0.0,5.0,5.0,0.0,0.0,0.0,0.0,1.0,3.0,0.0,0.0
US,2020/02/03,11.0,0.0,0.0,11.0,3.0,0.0,0.0,0.0,5.0,6.0,0.0,0.0,0.0,0.0,1.6666666666666667,6.0,0.0,0.0
US,2020/02/04,11.0,0.0,0.0,11.0,0.0,0.0,0.0,0.0,5.0,8.0,0.0,0.0,0.0,0.0,1.0,6.0,0.0,0.0
US,2020/02/05,12.0,0.0,0.0,12.0,1.0,0.0,0.0,0.0,5.0,8.0,0.0,0.0,0.0,0.0,1.3333333333333333,7.0,0.0,0.0
US,2020/02/06,12.0,0.0,0.0,12.0,0.0,0.0,0.0,0.0,5.0,11.0,0.0,0.0,0.0,0.0,0.3333333333333333,7.0,0.0,0.0
US,2020/02/07,12.0,0.0,0.0,12.0,0.0,0.0,0.0,0.0,6.0,11.0,0.0,0.0,0.0,0.0,0.3333333333333333,6.0,0.0,0.0
US,2020/02/08,12.0,0.0,0.0,12.0,0.0,0.0,0.0,0.0,8.0,12.0,0.0,0.0,0.0,0.0,0.0,4.0,0.0,0.0
US,2020/02/09,12.0,0.0,3.0,9.0,0.0,0.0,0.0,0.0,8.0,12.0,0.0,0.0,0.0,0.0,0.0,4.0,0.0,0.0
US,2020/02/10,12.0,0.0,3.0,9.0,0.0,0.0,0.0,0.0,11.0,12.0,0.0,0.0,0.0,0.0,0.0,1.0,143.0,0.0
US,2020/02/11,13.0,0.0,3.0,10.0,1.0,0.0,0.0,0.0,11.0,12.0,0.0,0.0,0.0,0.0,0.3333333333333333,2.0,143.0,0.0
US,2020/02/12,13.0,0.0,3.0,10.0,0.0,0.0,0.0,0.0,12.0,12.0,0.0,0.0,0.0,0.0,0.3333333333333333,1.0,857.0,0.0
US,2020/02/13,15.0,0.0,3.0,12.0,2.0,0.0,0.0,0.0,12.0,12.0,0.0,0.0,0.0,0.0,1.0,3.0,1000.0,0.0
US,2020/02/14,15.0,0.0,3.0,12.0,0.0,0.0,0.0,0.0,12.0,13.0,0.0,0.0,0.0,0.0,0.6666666666666666,3.0,1571.0,0.0
US,2020/02/15,15.0,0.0,3.0,12.0,0.0,0.0,0.0,0.0,12.0,13.0,0.0,0.0,0.0,0.0,0.6666666666666666,3.0,1714.0,0.0
US,2020/02/16,15.0,0.0,3.0,12.0,0.0,0.0,0.0,0.0,12.0,15.0,0.0,0.0,0.0,0.0,0.0,3.0,2000.0,0.0
US,2020/02/17,15.0,0.0,3.0,12.0,0.0,0.0,0.0,0.0,12.0,15.0,0.0,0.0,0.0,0.0,0.0,3.0,2429.0,0.0
US,2020/02/18,15.0,0.0,3.0,12.0,0.0,0.0,0.0,0.0,13.0,15.0,0.0,0.0,0.0,0.0,0.0,2.0,3000.0,0.0
US,2020/02/19,15.0,0.0,3.0,12.0,0.0,0.0,0.0,0.0,13.0,15.0,0.0,0.0,0.0,0.0,0.0,2.0,3143.0,0.0
US,2020/02/20,15.0,0.0,3.0,12.0,0.0,0.0,0.0,0.0,15.0,15.0,0.0,0.0,0.0,0.0,0.0,0.0,4000.0,0.0
US,2020/02/21,35.0,0.0,5.0,30.0,20.0,0.0,0.0,0.0,15.0,15.0,0.0,0.0,0.0,0.0,6.666666666666667,20.0,5143.0,43.0
US,2020/02/22,35.0,0.0,5.0,30.0,0.0,0.0,0.0,0.0,15.0,15.0,0.0,0.0,0.0,0.0,6.666666666666667,20.0,5714.0,43.0
US,2020/02/23,35.0,0.0,5.0,30.0,0.0,0.0,0.0,0.0,15.0,15.0,0.0,0.0,0.0,0.0,6.666666666666667,20.0,6714.0,261.0
US,2020/02/24,53.0,0.0,5.0,48.0,18.0,0.0,0.0,0.0,15.0,35.0,0.0,0.0,0.0,0.0,6.0,38.0,7714.0,304.0
US,2020/02/25,53.0,0.0,6.0,47.0,0.0,0.0,0.0,0.0,15.0,35.0,0.0,0.0,0.0,0.0,6.0,38.0,9000.0,478.0
US,2020/02/26,59.0,0.0,6.0,53.0,6.0,0.0,0.0,0.0,15.0,35.0,0.0,0.0,0.0,0.0,8.0,44.0,12143.0,522.0
US,2020/02/27,60.0,0.0,6.0,54.0,1.0,0.0,0.0,0.0,15.0,53.0,0.0,0.0,0.0,0.0,2.3333333333333335,45.0,15429.0,609.0
US,2020/02/28,62.0,0.0,7.0,55.0,2.0,0.0,0.0,0.0,35.0,53.0,0.0,0.0,0.0,0.0,3.0,27.0,16857.0,739.0
US,2020/02/29,70.0,1.0,7.0,62.0,8.0,0.0,0.0,0.0,35.0,59.0,1.0,0.0,0.0,1.0,3.6666666666666665,35.0,28571.0,913.0
US,2020/03/01,76.0,1.0,7.0,68.0,6.0,1.0,0.0,0.0,35.0,60.0,0.0,0.0,0.0,1.0,5.333333333333333,41.0,34857.0,957.0
US,2020/03/02,101.0,6.0,7.0,88.0,25.0,1.0,0.0,0.0,53.0,62.0,5.0,2.0,1.0,6.0,13.0,48.0,43857.0,1217.0
US,2020/03/03,122.0,7.0,8.0,107.0,21.0,6.0,1.0,0.0,53.0,70.0,1.0,2.0,1.0,7.0,17.333333333333332,69.0,61000.0,1565.0
US,2020/03/04,153.0,11.0,8.0,134.0,31.0,7.0,1.0,0.0,59.0,76.0,4.0,3.0,2.0,11.0,25.666666666666668,94.0,78857.0,1739.0
US,2020/03/05,221.0,12.0,8.0,201.0,68.0,11.0,6.0,0.0,60.0,101.0,1.0,2.0,2.0,12.0,40.0,161.0,100857.0,2043.0
US,2020/03/06,278.0,14.0,8.0,256.0,57.0,12.0,7.0,0.0,62.0,122.0,2.0,2.0,3.0,14.0,52.0,216.0,134571.0,2348.0
US,2020/03/07,417.0,17.0,8.0,392.0,139.0,14.0,11.0,1.0,70.0,153.0,3.0,2.0,2.0,16.0,88.0,347.0,172714.0,2739.0
US,2020/03/08,537.0,21.0,8.0,508.0,120.0,17.0,12.0,1.0,76.0,221.0,4.0,3.0,3.0,20.0,105.33333333333333,461.0,225857.0,3696.0
US,2020/03/09,605.0,22.0,8.0,575.0,68.0,21.0,14.0,6.0,101.0,278.0,1.0,3.0,2.0,16.0,109.0,504.0,289429.0,4696.0
US,2020/03/10,959.0,28.0,8.0,923.0,354.0,22.0,17.0,7.0,122.0,417.0,6.0,4.0,3.0,21.0,180.66666666666666,837.0,352429.0,5130.0
US,2020/03/11,1281.0,36.0,8.0,1237.0,322.0,28.0,21.0,11.0,153.0,537.0,8.0,5.0,4.0,25.0,248.0,1128.0,425429.0,8696.0
US,2020/03/12,1663.0,40.0,12.0,1611.0,382.0,36.0,22.0,12.0,221.0,605.0,4.0,6.0,5.0,28.0,352.6666666666667,1442.0,553286.0,10609.0
US,2020/03/13,2179.0,47.0,12.0,2120.0,516.0,40.0,28.0,14.0,278.0,959.0,7.0,6.0,5.0,33.0,406.6666666666667,1901.0,679571.0,13348.0
US,2020/03/14,2726.0,54.0,12.0,2660.0,547.0,47.0,36.0,17.0,417.0,1281.0,7.0,6.0,6.0,37.0,481.6666666666667,2309.0,846571.0,18565.0
US,2020/03/15,3499.0,63.0,12.0,3424.0,773.0,54.0,40.0,21.0,537.0,1663.0,9.0,8.0,7.0,42.0,612.0,2962.0,1012429.0,24000.0
US,2020/03/16,4632.0,85.0,17.0,4530.0,1133.0,63.0,47.0,22.0,605.0,2179.0,22.0,13.0,10.0,63.0,817.6666666666666,4027.0,,30696.0
US,2020/03/17,6421.0,108.0,17.0,6296.0,1789.0,85.0,54.0,28.0,959.0,2726.0,23.0,18.0,14.0,80.0,1231.6666666666667,5462.0,,40957.0
US,2020/03/18,7786.0,118.0,106.0,7562.0,1365.0,108.0,63.0,36.0,1281.0,3499.0,10.0,18.0,14.0,82.0,1429.0,6505.0,,52565.0
US,2020/03/19,13680.0,200.0,108.0,13372.0,5894.0,118.0,85.0,40.0,1663.0,4632.0,82.0,38.0,29.0,160.0,3016.0,12017.0,,68739.0
US,2020/03/20,19101.0,244.0,147.0,18710.0,5421.0,200.0,108.0,47.0,2179.0,6421.0,44.0,45.0,36.0,197.0,4226.666666666667,16922.0,,88087.0
US,2020/03/21,25493.0,307.0,171.0,25015.0,6392.0,244.0,118.0,54.0,2726.0,7786.0,63.0,63.0,44.0,253.0,5902.333333333333,22767.0,,107261.0
US,2020/03/22,33746.0,427.0,0.0,33319.0,8253.0,307.0,200.0,63.0,3499.0,13680.0,120.0,76.0,64.0,364.0,6688.666666666667,30247.0,,129478.0
US,2020/03/23,43667.0,552.0,0.0,43115.0,9921.0,427.0,244.0,85.0,4632.0,19101.0,125.0,103.0,87.0,467.0,8188.666666666667,39035.0,,168391.0
US,2020/03/24,53740.0,706.0,348.0,52686.0,10073.0,552.0,307.0,108.0,6421.0,25493.0,154.0,133.0,101.0,598.0,9415.666666666666,47319.0,,206826.0
US,2020/03/25,65778.0,942.0,361.0,64475.0,12038.0,706.0,427.0,118.0,7786.0,33746.0,236.0,172.0,140.0,824.0,10677.333333333334,57992.0,,257652.0
US,2020/03/26,83836.0,1209.0,681.0,81946.0,18058.0,942.0,552.0,200.0,13680.0,43667.0,267.0,219.0,180.0,1009.0,13389.666666666666,70156.0,,308130.0
US,2020/03/27,101657.0,1581.0,869.0,99207.0,17821.0,1209.0,706.0,244.0,19101.0,53740.0,372.0,292.0,231.0,1337.0,15972.333333333334,82556.0,,
US,2020/03/28,121478.0,2026.0,1072.0,118380.0,19821.0,1581.0,942.0,307.0,25493.0,65778.0,445.0,361.0,295.0,1719.0,18566.666666666668,95985.0,,
US,2020/03/29,140886.0,2467.0,2665.0,135754.0,19408.0,2026.0,1209.0,427.0,33746.0,83836.0,441.0,419.0,352.0,2040.0,19016.666666666668,107140.0,,
US,2020/03/30,161807.0,2978.0,5644.0,153185.0,20921.0,2467.0,1581.0,552.0,43667.0,101657.0,511.0,466.0,407.0,2426.0,20050.0,118140.0,,
US,2020/03/31,188172.0,3873.0,7024.0,177275.0,26365.0,2978.0,2026.0,706.0,53740.0,121478.0,895.0,616.0,533.0,3167.0,22231.333333333332,134432.0,,
US,2020/04/01,213372.0,4757.0,8474.0,200141.0,25200.0,3873.0,2467.0,942.0,65778.0,140886.0,884.0,763.0,635.0,3815.0,24162.0,147594.0,,
US,2020/04/02,243453.0,5926.0,9001.0,228526.0,30081.0,4757.0,2978.0,1209.0,83836.0,161807.0,1169.0,983.0,780.0,4717.0,27215.333333333332,159617.0,,
US,2020/04/03,275586.0,7087.0,9707.0,258792.0,32133.0,5926.0,3873.0,1581.0,101657.0,188172.0,1161.0,1071.0,924.0,5506.0,29138.0,173929.0,,
